
  DROP TABLE CATEGORIAS CASCADE CONSTRAINTS PURGE;
  DROP TABLE CLIENTES CASCADE CONSTRAINTS PURGE;
  DROP TABLE COMISIONES CASCADE CONSTRAINTS PURGE;
  DROP TABLE DETALLE_ORDENES CASCADE CONSTRAINTS PURGE;
  DROP TABLE EMPLEADOS CASCADE CONSTRAINTS PURGE;
  DROP TABLE ORDENES CASCADE CONSTRAINTS PURGE;
  DROP TABLE PRODUCTOS CASCADE CONSTRAINTS PURGE;
  DROP TABLE PROVEEDORES CASCADE CONSTRAINTS PURGE;
  DROP TABLE COMUNA CASCADE CONSTRAINTS PURGE;
  DROP TABLE carga_familiar CASCADE CONSTRAINTS PURGE;
  DROP TABLE RANGO_SUBIDA_COMISION CASCADE CONSTRAINTS PURGE;
  DROP TABLE RANGO_BONO_POR_HIJO CASCADE CONSTRAINTS PURGE;
  DROP TABLE CAL_BONO CASCADE CONSTRAINTS PURGE;
  DROP TABLE REG_ERRORES CASCADE CONSTRAINTS PURGE;
  DROP TABLE RANGO_BONO_DE_SERVICIO CASCADE CONSTRAINTS PURGE;
  DROP TABLE CARGO CASCADE CONSTRAINTS PURGE;
  DROP TABLE BOLETAS CASCADE CONSTRAINTS;
  DROP TABLE PORCENTAJE_COMISION CASCADE CONSTRAINTS;
  DROP TABLE Tipo_cliente CASCADE CONSTRAINTS;
  DROP TABLE TIPO_SALUD CASCADE CONSTRAINTS;
  drop Table tipopago CASCADE CONSTRAINTS;
  
  DROP SEQUENCE SQ_BOLETA;
  DROP SEQUENCE SEQ_ERRORES;
  

--------------------------------------------------------
--  DDL for Sequence SQ_BOLETA
--------------------------------------------------------

   CREATE SEQUENCE  SQ_BOLETA  MINVALUE 10 MAXVALUE 9999999999999999999999999999 INCREMENT BY 1 START WITH 10 CACHE 20 NOORDER  NOCYCLE ;


CREATE TABLE TIPO_SALUD  (
tipo_sal_id  VARCHAR2 (3) NOT NULL CONSTRAINT PK_TIPO_SALUD PRIMARY KEY ,
descripcion VARCHAR2 (100) NOT NULL,
pct_sueldo  NUMBER(3,1) NOT NULL
);

INSERT INTO  TIPO_SALUD VALUES('F','Fonasa', 7.2);
INSERT INTO  TIPO_SALUD VALUES('I','Isapre', 8.3);
INSERT INTO  TIPO_SALUD VALUES('FA','Fuerzas Armada', 4.5);
INSERT INTO  TIPO_SALUD VALUES('C','Carabineros y PDI', 5.3);
INSERT INTO  TIPO_SALUD VALUES('P','Particular', 11.3);


--------------------------------------------------------
--  DDL for Table BOLETAS
--------------------------------------------------------


  CREATE TABLE BOLETAS 
   (	"NRO_BOLETA" NUMBER, 
	"FECHA" DATE, 
	"VALOR_NETO" NUMBER, 
	"IVA" NUMBER, 
	"DESCUENTO" NUMBER, 
	"TOTAL" NUMBER,
    "ORDEN_ID" NUMBER,
    "EMPLEADO_ID" NUMBER,
    tipopago_idtipo VARCHAR2(1)
   ) SEGMENT CREATION IMMEDIATE 
  PCTFREE 10 PCTUSED 40 INITRANS 1 MAXTRANS 255 NOCOMPRESS LOGGING
  STORAGE(INITIAL 65536 NEXT 1048576 MINEXTENTS 1 MAXEXTENTS 2147483645
  PCTINCREASE 0 FREELISTS 1 FREELIST GROUPS 1 BUFFER_POOL DEFAULT FLASH_CACHE DEFAULT CELL_FLASH_CACHE DEFAULT)
  TABLESPACE "SYSTEM" ;
  
 CREATE TABLE tipopago (
    idtipo    VARCHAR2(1) NOT NULL,
    nomtipo   VARCHAR2(15) NOT NULL
)
LOGGING;

ALTER TABLE tipopago ADD CONSTRAINT tipopago_pk PRIMARY KEY ( idtipo );

INSERT INTO tipopago VALUES ('A','Efectivo');
INSERT INTO tipopago VALUES ('B','Cheque');
INSERT INTO tipopago VALUES ('C','Tarjeta credito');
INSERT INTO tipopago VALUES ('D','Vale vista');
INSERT INTO tipopago VALUES ('E','Otro');

ALTER TABLE boletas
    ADD CONSTRAINT boletas_tipopago_fk FOREIGN KEY ( tipopago_idtipo )
        REFERENCES tipopago ( idtipo )
    NOT DEFERRABLE; 
--------------------------------------------------------
--  DDL for Table CATEGORIAS
--------------------------------------------------------

  CREATE TABLE CATEGORIAS
   (	"CATEGORIA_ID" NUMBER, 
	"NOMBRE_CAT" VARCHAR2(50 BYTE)
   ) SEGMENT CREATION IMMEDIATE 
  PCTFREE 10 PCTUSED 40 INITRANS 1 MAXTRANS 255 NOCOMPRESS LOGGING
  STORAGE(INITIAL 65536 NEXT 1048576 MINEXTENTS 1 MAXEXTENTS 2147483645
  PCTINCREASE 0 FREELISTS 1 FREELIST GROUPS 1 BUFFER_POOL DEFAULT FLASH_CACHE DEFAULT CELL_FLASH_CACHE DEFAULT)
  TABLESPACE "SYSTEM" ;
--------------------------------------------------------
--  DDL for Table CLIENTES
--------------------------------------------------------

  CREATE TABLE CLIENTES 
   (	"CLIENTE_ID" NUMBER, 
	"CEDULA_RUC" VARCHAR2(10 BYTE), 
	"NOMBRE_CIA" VARCHAR2(30 BYTE), 
	"NOMBRE_CONTACTO" VARCHAR2(50 BYTE), 
	"DIRECCION_CLI" VARCHAR2(50 BYTE), 
	"FAX" VARCHAR2(12 BYTE), 
	"EMAIL" VARCHAR2(50 BYTE), 
	"CELULAR" VARCHAR2(12 BYTE), 
	"FIJO" VARCHAR2(12 BYTE),
  "ID_COMUNA" NUMBER(8),
  tipo_cliente_id_tipo_cliente NUMBER
   ) SEGMENT CREATION IMMEDIATE 
  PCTFREE 10 PCTUSED 40 INITRANS 1 MAXTRANS 255 NOCOMPRESS LOGGING
  STORAGE(INITIAL 65536 NEXT 1048576 MINEXTENTS 1 MAXEXTENTS 2147483645
  PCTINCREASE 0 FREELISTS 1 FREELIST GROUPS 1 BUFFER_POOL DEFAULT FLASH_CACHE DEFAULT CELL_FLASH_CACHE DEFAULT)
  TABLESPACE "SYSTEM" ;
  
--------------------------------------------------------
--  DDL for Table COMUNA
--------------------------------------------------------
 CREATE TABLE COMUNA
 ( ID_COMUNA NUMBER(8),
   NOMBRE_COMUNA VARCHAR2(30)
 );
  
  
--------------------------------------------------------
--  DDL for Table COMISIONES
--------------------------------------------------------

  CREATE TABLE COMISIONES 
   (	"ID_COMISION" NUMBER, 
	"EMPLEADO_ID" NUMBER, 
	"NRO_BOLETA" NUMBER, 
	"VALOR_COMISION" NUMBER, 
	"FECHA_COMISION" DATE
   ) SEGMENT CREATION IMMEDIATE 
  PCTFREE 10 PCTUSED 40 INITRANS 1 MAXTRANS 255 NOCOMPRESS LOGGING
  STORAGE(INITIAL 65536 NEXT 1048576 MINEXTENTS 1 MAXEXTENTS 2147483645
  PCTINCREASE 0 FREELISTS 1 FREELIST GROUPS 1 BUFFER_POOL DEFAULT FLASH_CACHE DEFAULT CELL_FLASH_CACHE DEFAULT)
  TABLESPACE "SYSTEM" ;
--------------------------------------------------------
--  DDL for Table DETALLE_ORDENES
--------------------------------------------------------

  CREATE TABLE DETALLE_ORDENES 
   (	"ORDEN_ID" NUMBER, 
	"DETALLE_ID" NUMBER, 
	"PRODUCTO_ID" NUMBER, 
	"CANTIDAD" NUMBER
   ) SEGMENT CREATION IMMEDIATE 
  PCTFREE 10 PCTUSED 40 INITRANS 1 MAXTRANS 255 NOCOMPRESS LOGGING
  STORAGE(INITIAL 65536 NEXT 1048576 MINEXTENTS 1 MAXEXTENTS 2147483645
  PCTINCREASE 0 FREELISTS 1 FREELIST GROUPS 1 BUFFER_POOL DEFAULT FLASH_CACHE DEFAULT CELL_FLASH_CACHE DEFAULT)
  TABLESPACE "SYSTEM" ;
--------------------------------------------------------
--  DDL for Table EMPLEADOS
--------------------------------------------------------

  CREATE TABLE EMPLEADOS 
   (	"EMPLEADO_ID" NUMBER, 
	"NOMBRE" VARCHAR2(30 BYTE), 
	"APELLIDO" VARCHAR2(30 BYTE), 
	"FECHA_NAC" DATE, 
   SUELDO NUMBER, 
   FECHA_CONTRATO DATE,
	"REPORTA_A" NUMBER,
	"EXTENSION" NUMBER,
    CARGO_ID_CARGO VARCHAR2(10),
    idsalud     VARCHAR2 (3) not null references TIPO_salud (tipo_sal_id)
   ) SEGMENT CREATION IMMEDIATE 
  PCTFREE 10 PCTUSED 40 INITRANS 1 MAXTRANS 255 NOCOMPRESS LOGGING
  STORAGE(INITIAL 65536 NEXT 1048576 MINEXTENTS 1 MAXEXTENTS 2147483645
  PCTINCREASE 0 FREELISTS 1 FREELIST GROUPS 1 BUFFER_POOL DEFAULT FLASH_CACHE DEFAULT CELL_FLASH_CACHE DEFAULT)
  TABLESPACE "SYSTEM" ;

--------------------------------------------------------
--  DDL for Table ORDENES
--------------------------------------------------------

  CREATE TABLE ORDENES 
   (	"ORDEN_ID" NUMBER, 
	"EMPLEADO_ID" NUMBER, 
	"CLIENTE_ID" NUMBER, 
	"FECHA_ORDEN" DATE, 
	"DESCUENTO" NUMBER
   ) SEGMENT CREATION IMMEDIATE 
  PCTFREE 10 PCTUSED 40 INITRANS 1 MAXTRANS 255 NOCOMPRESS LOGGING
  STORAGE(INITIAL 65536 NEXT 1048576 MINEXTENTS 1 MAXEXTENTS 2147483645
  PCTINCREASE 0 FREELISTS 1 FREELIST GROUPS 1 BUFFER_POOL DEFAULT FLASH_CACHE DEFAULT CELL_FLASH_CACHE DEFAULT)
  TABLESPACE "SYSTEM" ;
--------------------------------------------------------
--  DDL for Table PRODUCTOS
--------------------------------------------------------

  CREATE TABLE PRODUCTOS
   (	"PRODUCTO_ID" NUMBER, 
	"PROVEEDOR_ID" NUMBER, 
	"CATEGORIA_ID" NUMBER, 
	"DESCRIPCION" VARCHAR2(50 BYTE), 
	"PRECIO_UNIT" NUMBER, 
	"EXISTENCIA" NUMBER
   ) SEGMENT CREATION IMMEDIATE 
  PCTFREE 10 PCTUSED 40 INITRANS 1 MAXTRANS 255 NOCOMPRESS LOGGING
  STORAGE(INITIAL 65536 NEXT 1048576 MINEXTENTS 1 MAXEXTENTS 2147483645
  PCTINCREASE 0 FREELISTS 1 FREELIST GROUPS 1 BUFFER_POOL DEFAULT FLASH_CACHE DEFAULT CELL_FLASH_CACHE DEFAULT)
  TABLESPACE "SYSTEM" ;
--------------------------------------------------------
--  DDL for Table PROVEEDORES
--------------------------------------------------------

  CREATE TABLE PROVEEDORES 
   (	"PROVEEDOR_ID" NUMBER, 
	"NOMBRE_PROV" VARCHAR2(50 BYTE), 
	"CONTACTO" VARCHAR2(50 BYTE), 
	"CELULAR_PROV" VARCHAR2(12 BYTE), 
	"FIJO_PROV" VARCHAR2(12 BYTE),
  ESTADO varchar2(2)
   ) SEGMENT CREATION IMMEDIATE 
  PCTFREE 10 PCTUSED 40 INITRANS 1 MAXTRANS 255 NOCOMPRESS LOGGING
  STORAGE(INITIAL 65536 NEXT 1048576 MINEXTENTS 1 MAXEXTENTS 2147483645
  PCTINCREASE 0 FREELISTS 1 FREELIST GROUPS 1 BUFFER_POOL DEFAULT FLASH_CACHE DEFAULT CELL_FLASH_CACHE DEFAULT)
  TABLESPACE "SYSTEM" ;

  
Insert into CATEGORIAS (CATEGORIA_ID,NOMBRE_CAT) values ('100','CARNICOS');
Insert into CATEGORIAS (CATEGORIA_ID,NOMBRE_CAT) values ('200','LACTEOS');
Insert into CATEGORIAS (CATEGORIA_ID,NOMBRE_CAT) values ('300','LIMPIEZA');
Insert into CATEGORIAS (CATEGORIA_ID,NOMBRE_CAT) values ('400','HIGINE PERSONAL');
Insert into CATEGORIAS (CATEGORIA_ID,NOMBRE_CAT) values ('500','MEDICINAS');
Insert into CATEGORIAS (CATEGORIA_ID,NOMBRE_CAT) values ('600','COSMETICOS');
Insert into CATEGORIAS (CATEGORIA_ID,NOMBRE_CAT) values ('700','REVISTAS');

insert into comuna values(1,'SANTIAGO');
insert into comuna values(2,'LA FLORIDA');
insert into comuna values(3,'SAN JOAQUIN');
insert into comuna values(4,'PROVIDENCIA');
insert into comuna values(5,'PUENTE ALTO');
insert into comuna values(6,'CALLE LARGA');
insert into comuna values(7,'LOS ANDES');

CREATE TABLE tipo_cliente (
    id_tipo_cliente   NUMBER NOT NULL,
    nomtipo           VARCHAR2(20) NOT NULL
)
LOGGING;

ALTER TABLE tipo_cliente ADD CONSTRAINT tipo_cliente_pk PRIMARY KEY ( id_tipo_cliente );

ALTER TABLE clientes
    ADD CONSTRAINT clientes_tipo_cliente_fk FOREIGN KEY ( tipo_cliente_id_tipo_cliente )
        REFERENCES tipo_cliente ( id_tipo_cliente )
    NOT DEFERRABLE;
    
Insert into tipo_cliente (id_tipo_cliente,nomtipo) VALUES(10,'BRONCE');
Insert into tipo_cliente (id_tipo_cliente,nomtipo) VALUES(20,'PLATA');
Insert into tipo_cliente (id_tipo_cliente,nomtipo) VALUES(30,'SILVER');
Insert into tipo_cliente (id_tipo_cliente,nomtipo) VALUES(40,'GOLD');
Insert into tipo_cliente (id_tipo_cliente,nomtipo) VALUES(50,'PLATINUM');

Insert into CLIENTES (CLIENTE_ID,CEDULA_RUC,NOMBRE_CIA,NOMBRE_CONTACTO,DIRECCION_CLI,FAX,EMAIL,CELULAR,FIJO,ID_COMUNA,tipo_cliente_id_tipo_cliente) values ('1','1890786576','SUPERMERCADO ESTRELLA','CRISTIAN BELTRAN FLORES','AV.AMAZONAS',2232343,'cbelran@sestrella.cl',966578493,966578493,1,10);
Insert into CLIENTES (CLIENTE_ID,CEDULA_RUC,NOMBRE_CIA,NOMBRE_CONTACTO,DIRECCION_CLI,FAX,EMAIL,CELULAR,FIJO,ID_COMUNA,tipo_cliente_id_tipo_cliente) values ('2','1298765477','EL ROSADO','MARIA CORDERO SOTO','AV.AEL INCA',34343532,'mcordero@elrosado.cl',968584643,968584643,2,20);
Insert into CLIENTES (CLIENTE_ID,CEDULA_RUC,NOMBRE_CIA,NOMBRE_CONTACTO,DIRECCION_CLI,FAX,EMAIL,CELULAR,FIJO,ID_COMUNA,tipo_cliente_id_tipo_cliente) values ('3','1009876567','DISTRIBUIDORA PRENSA','PEDRO PINTO LOPEZ','EL PINAR',225467898,'ppinto@dprensa.cl',965754332,965754332,3,10);
Insert into CLIENTES (CLIENTE_ID,CEDULA_RUC,NOMBRE_CIA,NOMBRE_CONTACTO,DIRECCION_CLI,FAX,EMAIL,CELULAR,FIJO,ID_COMUNA,tipo_cliente_id_tipo_cliente) values ('4','1876090006','SU TIENDA','PABLO PONCE PALMA','AV.AMAZONAS',228789954,'pponce@sutienda.cl',967543322,967543322,4,10);
Insert into CLIENTES (CLIENTE_ID,CEDULA_RUC,NOMBRE_CIA,NOMBRE_CONTACTO,DIRECCION_CLI,FAX,EMAIL,CELULAR,FIJO,ID_COMUNA,tipo_cliente_id_tipo_cliente) values ('5','1893456776','SUPERMERCADO DORADO','LORENA PAZ PACHECO','AV.6 DICIEMBRE',null,'ppaz@sdorado.cl',977875544,977875544,'5',20);
Insert into CLIENTES (CLIENTE_ID,CEDULA_RUC,NOMBRE_CIA,NOMBRE_CONTACTO,DIRECCION_CLI,FAX,EMAIL,CELULAR,FIJO,ID_COMUNA,tipo_cliente_id_tipo_cliente) values ('6','1678999891','SUPERMERCADO CHABELITA','EMA FLORES ALVAREZ','AV.AMAZONAS',null,'emaflores@chabelita.cl',9433221123,9433221123,6,30);
Insert into CLIENTES (CLIENTE_ID,CEDULA_RUC,NOMBRE_CIA,NOMBRE_CONTACTO,DIRECCION_CLI,FAX,EMAIL,CELULAR,FIJO,ID_COMUNA,tipo_cliente_id_tipo_cliente) values ('7','1244567888','SUPERMERCADO DESCUENTO','LETICIA ORTEGA MUÑOZ','AV.LA PRENSA',225544544,'lortega@sdescuento.cl',975432232,975432232,3,40);
Insert into CLIENTES (CLIENTE_ID,CEDULA_RUC,NOMBRE_CIA,NOMBRE_CONTACTO,DIRECCION_CLI,FAX,EMAIL,CELULAR,FIJO,ID_COMUNA,tipo_cliente_id_tipo_cliente) values ('8','1456799022','DE MICHAEL','JUAN TORRES ALTA','AV.PATRIA',224345564,'jtorres@demichael.cl',9547576443,9547576443,3,50);
Insert into CLIENTES (CLIENTE_ID,CEDULA_RUC,NOMBRE_CIA,NOMBRE_CONTACTO,DIRECCION_CLI,FAX,EMAIL,CELULAR,FIJO,ID_COMUNA,tipo_cliente_id_tipo_cliente) values ('9','1845677777','DE LUISE','JORGE PARRA RAMOS','AV.AMAZONAS',null,'jparra@deluise.cl',9857643321,9857643321,1,50);
Insert into CLIENTES (CLIENTE_ID,CEDULA_RUC,NOMBRE_CIA,NOMBRE_CONTACTO,DIRECCION_CLI,FAX,EMAIL,CELULAR,FIJO,ID_COMUNA,tipo_cliente_id_tipo_cliente) values ('10','183445667','YATUSABES','JOSE BARRAZA VARAS','AV.REPUBLICA',226543343,'jbarraza@yatusabes.cl',9665754331,9665754331,7,40);




Insert into ORDENES (ORDEN_ID,EMPLEADO_ID,CLIENTE_ID,FECHA_ORDEN,DESCUENTO) values ('1','3','4',to_date('01/03/18','DD/MM/RR'),'5');
Insert into ORDENES (ORDEN_ID,EMPLEADO_ID,CLIENTE_ID,FECHA_ORDEN,DESCUENTO) values ('2','3','4',to_date('02/03/18','DD/MM/RR'),'10');
Insert into ORDENES (ORDEN_ID,EMPLEADO_ID,CLIENTE_ID,FECHA_ORDEN,DESCUENTO) values ('3','4','5',to_date('05/03/18','DD/MM/RR'),'6');
Insert into ORDENES (ORDEN_ID,EMPLEADO_ID,CLIENTE_ID,FECHA_ORDEN,DESCUENTO) values ('4','2','6',to_date('06/03/18','DD/MM/RR'),'2');
Insert into ORDENES (ORDEN_ID,EMPLEADO_ID,CLIENTE_ID,FECHA_ORDEN,DESCUENTO) values ('5','2','7',to_date('09/03/18','DD/MM/RR'),null);
Insert into ORDENES (ORDEN_ID,EMPLEADO_ID,CLIENTE_ID,FECHA_ORDEN,DESCUENTO) values ('6','4','5',to_date('12/03/18','DD/MM/RR'),'10');
Insert into ORDENES (ORDEN_ID,EMPLEADO_ID,CLIENTE_ID,FECHA_ORDEN,DESCUENTO) values ('7','2','5',to_date('14/03/18','DD/MM/RR'),'10');
Insert into ORDENES (ORDEN_ID,EMPLEADO_ID,CLIENTE_ID,FECHA_ORDEN,DESCUENTO) values ('8','3','2',to_date('15/03/18','DD/MM/RR'),'10');
Insert into ORDENES (ORDEN_ID,EMPLEADO_ID,CLIENTE_ID,FECHA_ORDEN,DESCUENTO) values ('9','3','2',to_date('17/03/18','DD/MM/RR'),'3');


Insert into COMISIONES (ID_COMISION,EMPLEADO_ID,NRO_BOLETA,VALOR_COMISION,FECHA_COMISION) values ('101','3','1','8230',to_date('01/04/18','DD/MM/RR'));
Insert into COMISIONES (ID_COMISION,EMPLEADO_ID,NRO_BOLETA,VALOR_COMISION,FECHA_COMISION) values ('102','4','2','167146',to_date('02/04/18','DD/MM/RR'));
Insert into COMISIONES (ID_COMISION,EMPLEADO_ID,NRO_BOLETA,VALOR_COMISION,FECHA_COMISION) values ('103','2','3','23921',to_date('05/04/18','DD/MM/RR'));
Insert into COMISIONES (ID_COMISION,EMPLEADO_ID,NRO_BOLETA,VALOR_COMISION,FECHA_COMISION) values ('104','2','4','22923',to_date('06/04/18','DD/MM/RR'));
Insert into COMISIONES (ID_COMISION,EMPLEADO_ID,NRO_BOLETA,VALOR_COMISION,FECHA_COMISION) values ('105','3','5','51113',to_date('09/04/18','DD/MM/RR'));
Insert into COMISIONES (ID_COMISION,EMPLEADO_ID,NRO_BOLETA,VALOR_COMISION,FECHA_COMISION) values ('106','3','6','27484',to_date('12/04/18','DD/MM/RR'));
Insert into COMISIONES (ID_COMISION,EMPLEADO_ID,NRO_BOLETA,VALOR_COMISION,FECHA_COMISION) values ('107','3','7','62862',to_date('14/04/18','DD/MM/RR'));
Insert into COMISIONES (ID_COMISION,EMPLEADO_ID,NRO_BOLETA,VALOR_COMISION,FECHA_COMISION) values ('108','4','8','44442',to_date('15/04/18','DD/MM/RR'));
Insert into COMISIONES (ID_COMISION,EMPLEADO_ID,NRO_BOLETA,VALOR_COMISION,FECHA_COMISION) values ('109','2','9','67752',to_date('17/04/18','DD/MM/RR'));

Insert into BOLETAS (NRO_BOLETA,ORDEN_ID,FECHA,EMPLEADO_ID,VALOR_NETO,IVA,DESCUENTO,TOTAL,tipopago_idtipo) values ('1','1',to_date('01/04/18','DD/MM/RR'),'3','104000','19760','6188','117572','A');
Insert into BOLETAS (NRO_BOLETA,ORDEN_ID,FECHA,EMPLEADO_ID,VALOR_NETO,IVA,DESCUENTO,TOTAL,tipopago_idtipo) values ('2','2',to_date('02/04/18','DD/MM/RR'),'4','2229500','423605','265311','2387795','C');
Insert into BOLETAS (NRO_BOLETA,ORDEN_ID,FECHA,EMPLEADO_ID,VALOR_NETO,IVA,DESCUENTO,TOTAL,tipopago_idtipo) values ('3','3',to_date('05/04/18','DD/MM/RR'),'2','305500','58045','21813','341732','B');
Insert into BOLETAS (NRO_BOLETA,ORDEN_ID,FECHA,EMPLEADO_ID,VALOR_NETO,IVA,DESCUENTO,TOTAL,tipopago_idtipo) values ('4','4',to_date('06/04/18','DD/MM/RR'),'2','280800','53352','6683','327469','A');

Insert into BOLETAS (NRO_BOLETA,ORDEN_ID,FECHA,EMPLEADO_ID,VALOR_NETO,IVA,DESCUENTO,TOTAL,tipopago_idtipo) values ('5','5',to_date('09/04/18','DD/MM/RR'),'3','613600','116584',null,'730184','D');
Insert into BOLETAS (NRO_BOLETA,ORDEN_ID,FECHA,EMPLEADO_ID,VALOR_NETO,IVA,DESCUENTO,TOTAL,tipopago_idtipo) values ('6','6',to_date('12/04/18','DD/MM/RR'),'3','366600','69654','43625','392629','C');
Insert into BOLETAS (NRO_BOLETA,ORDEN_ID,FECHA,EMPLEADO_ID,VALOR_NETO,IVA,DESCUENTO,TOTAL,tipopago_idtipo) values ('7','7',to_date('14/04/18','DD/MM/RR'),'3','838500','159315','99782','898034','B');
Insert into BOLETAS (NRO_BOLETA,ORDEN_ID,FECHA,EMPLEADO_ID,VALOR_NETO,IVA,DESCUENTO,TOTAL,tipopago_idtipo) values ('8','8',to_date('15/04/18','DD/MM/RR'),'4','592800','112632','70543','634889','B');
Insert into BOLETAS (NRO_BOLETA,ORDEN_ID,FECHA,EMPLEADO_ID,VALOR_NETO,IVA,DESCUENTO,TOTAL,tipopago_idtipo) values ('9','9',to_date('17/04/18','DD/MM/RR'),'2','838500','159315','29934','967881','C');

Insert into DETALLE_ORDENES (ORDEN_ID,DETALLE_ID,PRODUCTO_ID,CANTIDAD) values ('1','1','1','20');
Insert into DETALLE_ORDENES (ORDEN_ID,DETALLE_ID,PRODUCTO_ID,CANTIDAD) values ('1','2','4','10');
Insert into DETALLE_ORDENES (ORDEN_ID,DETALLE_ID,PRODUCTO_ID,CANTIDAD) values ('1','3','6','10');
Insert into DETALLE_ORDENES (ORDEN_ID,DETALLE_ID,PRODUCTO_ID,CANTIDAD) values ('1','4','9','10');
Insert into DETALLE_ORDENES (ORDEN_ID,DETALLE_ID,PRODUCTO_ID,CANTIDAD) values ('2','1','10','100');
Insert into DETALLE_ORDENES (ORDEN_ID,DETALLE_ID,PRODUCTO_ID,CANTIDAD) values ('2','2','13','200');
Insert into DETALLE_ORDENES (ORDEN_ID,DETALLE_ID,PRODUCTO_ID,CANTIDAD) values ('3','1','3','100');
Insert into DETALLE_ORDENES (ORDEN_ID,DETALLE_ID,PRODUCTO_ID,CANTIDAD) values ('4','1','9','120');
Insert into DETALLE_ORDENES (ORDEN_ID,DETALLE_ID,PRODUCTO_ID,CANTIDAD) values ('5','1','1','140');
Insert into DETALLE_ORDENES (ORDEN_ID,DETALLE_ID,PRODUCTO_ID,CANTIDAD) values ('5','2','4','200');
Insert into DETALLE_ORDENES (ORDEN_ID,DETALLE_ID,PRODUCTO_ID,CANTIDAD) values ('6','1','3','120');
Insert into DETALLE_ORDENES (ORDEN_ID,DETALLE_ID,PRODUCTO_ID,CANTIDAD) values ('7','1','11','100');
Insert into DETALLE_ORDENES (ORDEN_ID,DETALLE_ID,PRODUCTO_ID,CANTIDAD) values ('8','1','2','100');
Insert into DETALLE_ORDENES (ORDEN_ID,DETALLE_ID,PRODUCTO_ID,CANTIDAD) values ('8','2','5','140');
Insert into DETALLE_ORDENES (ORDEN_ID,DETALLE_ID,PRODUCTO_ID,CANTIDAD) values ('8','3','7','100');
Insert into DETALLE_ORDENES (ORDEN_ID,DETALLE_ID,PRODUCTO_ID,CANTIDAD) values ('9','1','11','100');



Insert into EMPLEADOS (EMPLEADO_ID,NOMBRE,APELLIDO,FECHA_NAC,SUELDO,FECHA_CONTRATO,REPORTA_A,EXTENSION,idsalud) values ('1','JOAN','TORO',to_date('09/05/1986','DD/MM/YYYY'),850000,to_date('10/10/2010','DD/MM/YYYY'),null,'231','I');
Insert into EMPLEADOS (EMPLEADO_ID,NOMBRE,APELLIDO,FECHA_NAC,SUELDO,FECHA_CONTRATO,REPORTA_A,EXTENSION,idsalud) values ('2','MARIO','SANCHEZ',to_date('01/06/1979','DD/MM/YYYY'),755000,to_date('18/10/2014','DD/MM/YYYY'),'1','144','F');
Insert into EMPLEADOS (EMPLEADO_ID,NOMBRE,APELLIDO,FECHA_NAC,SUELDO,FECHA_CONTRATO,REPORTA_A,EXTENSION,idsalud) values ('3','VANIA','SEPULVEDA',to_date('23/07/1987','DD/MM/YYYY'),750000,to_date('28/01/2015','DD/MM/YYYY'),'1','234','FA');
Insert into EMPLEADOS (EMPLEADO_ID,NOMBRE,APELLIDO,FECHA_NAC,SUELDO,FECHA_CONTRATO,REPORTA_A,EXTENSION,idsalud) values ('4','PABLO','MACKENNA',to_date('28/07/1977','DD/MM/YYYY'),650000,to_date('13/06/2015','DD/MM/YYYY'),'2','567','FA');
Insert into EMPLEADOS (EMPLEADO_ID,NOMBRE,APELLIDO,FECHA_NAC,SUELDO,FECHA_CONTRATO,REPORTA_A,EXTENSION,idsalud) values ('5','DIEGO','GARCES',to_date('10/09/1986','DD/MM/YYYY'),554000,to_date('12/08/2017','DD/MM/YYYY'),'2','890','I');
Insert into EMPLEADOS (EMPLEADO_ID,NOMBRE,APELLIDO,FECHA_NAC,SUELDO,FECHA_CONTRATO,REPORTA_A,EXTENSION,idsalud) values ('6','PATRICIO','SOTO',to_date('17/08/1976','DD/MM/YYYY'),456000,to_date('18/10/2016','DD/MM/YYYY'),'1','230','F');
Insert into EMPLEADOS (EMPLEADO_ID,NOMBRE,APELLIDO,FECHA_NAC,SUELDO,FECHA_CONTRATO,REPORTA_A,EXTENSION,idsalud) values ('7','MARIA','FLORES',to_date(null,'DD/MM/YYYY'),550000,to_date('15/01/2018','DD/MM/YYYY'),'2','261','I');

Insert into PRODUCTOS (PRODUCTO_ID,PROVEEDOR_ID,CATEGORIA_ID,DESCRIPCION,PRECIO_UNIT,EXISTENCIA) values ('1','10','100','SALCHICHAS VIENESAS','1690','2000');
Insert into PRODUCTOS (PRODUCTO_ID,PROVEEDOR_ID,CATEGORIA_ID,DESCRIPCION,PRECIO_UNIT,EXISTENCIA) values ('2','10','100','SALAMI DE AJO','2340','3000');
Insert into PRODUCTOS (PRODUCTO_ID,PROVEEDOR_ID,CATEGORIA_ID,DESCRIPCION,PRECIO_UNIT,EXISTENCIA) values ('3','10','100','BOTON PARA ASADO','3055','4000');
Insert into PRODUCTOS (PRODUCTO_ID,PROVEEDOR_ID,CATEGORIA_ID,DESCRIPCION,PRECIO_UNIT,EXISTENCIA) values ('4','20','100','SALCHICHAS DE POLLO','1885','2000');
Insert into PRODUCTOS (PRODUCTO_ID,PROVEEDOR_ID,CATEGORIA_ID,DESCRIPCION,PRECIO_UNIT,EXISTENCIA) values ('5','20','100','JAMON DE POLLO','1820','6000');
Insert into PRODUCTOS (PRODUCTO_ID,PROVEEDOR_ID,CATEGORIA_ID,DESCRIPCION,PRECIO_UNIT,EXISTENCIA) values ('6','30','200','YOGURT NATURAL','2795','8000');
Insert into PRODUCTOS (PRODUCTO_ID,PROVEEDOR_ID,CATEGORIA_ID,DESCRIPCION,PRECIO_UNIT,EXISTENCIA) values ('7','30','200','LECHE CHOCOLATE','1040','9000');
Insert into PRODUCTOS (PRODUCTO_ID,PROVEEDOR_ID,CATEGORIA_ID,DESCRIPCION,PRECIO_UNIT,EXISTENCIA) values ('8','40','200','YOGURT DE SABORES','1040','2000');
Insert into PRODUCTOS (PRODUCTO_ID,PROVEEDOR_ID,CATEGORIA_ID,DESCRIPCION,PRECIO_UNIT,EXISTENCIA) values ('9','40','200','CREMA DE LECHE','2340','5000');
Insert into PRODUCTOS (PRODUCTO_ID,PROVEEDOR_ID,CATEGORIA_ID,DESCRIPCION,PRECIO_UNIT,EXISTENCIA) values ('10','50','600','BASE DE MAQUILLAJE','9555','4000');
Insert into PRODUCTOS (PRODUCTO_ID,PROVEEDOR_ID,CATEGORIA_ID,DESCRIPCION,PRECIO_UNIT,EXISTENCIA) values ('11','50','600','RIMMEL','8385','5000');
Insert into PRODUCTOS (PRODUCTO_ID,PROVEEDOR_ID,CATEGORIA_ID,DESCRIPCION,PRECIO_UNIT,EXISTENCIA) values ('13','60','600','SOMBRA DE OJOS','6370','7000');

Insert into PROVEEDORES (PROVEEDOR_ID,NOMBRE_PROV,CONTACTO,CELULAR_PROV,FIJO_PROV,estado) values ('10','DON DIEGO','MANUEL ANDRADE','099234567','2124456',null);
Insert into PROVEEDORES (PROVEEDOR_ID,NOMBRE_PROV,CONTACTO,CELULAR_PROV,FIJO_PROV,estado) values ('20','PRONACA','JUAN PEREZ','0923434467','2124456',null);
Insert into PROVEEDORES (PROVEEDOR_ID,NOMBRE_PROV,CONTACTO,CELULAR_PROV,FIJO_PROV,estado) values ('30','TONY','JORGE BRITO','099234567','2124456',null);
Insert into PROVEEDORES (PROVEEDOR_ID,NOMBRE_PROV,CONTACTO,CELULAR_PROV,FIJO_PROV,estado) values ('40','MIRAFLORES','MARIA PAZ','098124498','2458799','OK');
Insert into PROVEEDORES (PROVEEDOR_ID,NOMBRE_PROV,CONTACTO,CELULAR_PROV,FIJO_PROV,estado) values ('50','ALMAY','PEDRO GONZALEZ','097654567','2507190',null);
Insert into PROVEEDORES (PROVEEDOR_ID,NOMBRE_PROV,CONTACTO,CELULAR_PROV,FIJO_PROV,estado) values ('60','REVLON','MONICA SALAS','099245678','2609876',null);
Insert into PROVEEDORES (PROVEEDOR_ID,NOMBRE_PROV,CONTACTO,CELULAR_PROV,FIJO_PROV,estado) values ('70','YANBAL','BETY ARIAS','098124458','2450887',null);
Insert into PROVEEDORES (PROVEEDOR_ID,NOMBRE_PROV,CONTACTO,CELULAR_PROV,FIJO_PROV,estado) values ('120','JURIS','MANUEL ANDRADE','099234567','2124456',null);
Insert into PROVEEDORES (PROVEEDOR_ID,NOMBRE_PROV,CONTACTO,CELULAR_PROV,FIJO_PROV,estado) values ('80','CLEANER','MANUEL ANDRADE','099234567','2124456',null);
Insert into PROVEEDORES (PROVEEDOR_ID,NOMBRE_PROV,CONTACTO,CELULAR_PROV,FIJO_PROV,estado) values ('90','BAYER','MANUEL ANDRADE','099234567','2124456',null);
Insert into PROVEEDORES (PROVEEDOR_ID,NOMBRE_PROV,CONTACTO,CELULAR_PROV,FIJO_PROV,estado) values ('110','PALMOLIVE','MANUEL ANDRADE','099234567','2124456',null);

--------------------------------------------------------
--  Constraints for Table CLIENTES
--------------------------------------------------------

  ALTER TABLE CLIENTES ADD CONSTRAINT "PK_CLIENTES" PRIMARY KEY ("CLIENTE_ID")
  USING INDEX PCTFREE 10 INITRANS 2 MAXTRANS 255 COMPUTE STATISTICS 
  STORAGE(INITIAL 65536 NEXT 1048576 MINEXTENTS 1 MAXEXTENTS 2147483645
  PCTINCREASE 0 FREELISTS 1 FREELIST GROUPS 1 BUFFER_POOL DEFAULT FLASH_CACHE DEFAULT CELL_FLASH_CACHE DEFAULT)
  TABLESPACE "SYSTEM"  ENABLE;
  ALTER TABLE CLIENTES MODIFY ("DIRECCION_CLI" NOT NULL ENABLE);
  ALTER TABLE CLIENTES MODIFY ("NOMBRE_CONTACTO" NOT NULL ENABLE);
  ALTER TABLE CLIENTES MODIFY ("NOMBRE_CIA" NOT NULL ENABLE);
  ALTER TABLE CLIENTES MODIFY ("CEDULA_RUC" NOT NULL ENABLE);
  ALTER TABLE CLIENTES MODIFY ("CLIENTE_ID" NOT NULL ENABLE);
--------------------------------------------------------
--  Constraints for Table COMUNA
--------------------------------------------------------

ALTER TABLE COMUNA ADD CONSTRAINT PK_COMUNA PRIMARY KEY(ID_COMUNA);
--------------------------------------------------------
--  Constraints for Table ORDENES
--------------------------------------------------------


  ALTER TABLE ORDENES ADD CONSTRAINT "PK_ORDENES" PRIMARY KEY ("ORDEN_ID")
  USING INDEX PCTFREE 10 INITRANS 2 MAXTRANS 255 COMPUTE STATISTICS 
  STORAGE(INITIAL 65536 NEXT 1048576 MINEXTENTS 1 MAXEXTENTS 2147483645
  PCTINCREASE 0 FREELISTS 1 FREELIST GROUPS 1 BUFFER_POOL DEFAULT FLASH_CACHE DEFAULT CELL_FLASH_CACHE DEFAULT)
  TABLESPACE "SYSTEM"  ENABLE;
  ALTER TABLE ORDENES MODIFY ("FECHA_ORDEN" NOT NULL ENABLE);
  ALTER TABLE ORDENES MODIFY ("CLIENTE_ID" NOT NULL ENABLE);
  ALTER TABLE ORDENES MODIFY ("EMPLEADO_ID" NOT NULL ENABLE);
  ALTER TABLE ORDENES MODIFY ("ORDEN_ID" NOT NULL ENABLE);
--------------------------------------------------------
--  Constraints for Table PROVEEDORES
--------------------------------------------------------

  ALTER TABLE PROVEEDORES ADD CONSTRAINT "PK_PROVEEDORES" PRIMARY KEY ("PROVEEDOR_ID")
  USING INDEX PCTFREE 10 INITRANS 2 MAXTRANS 255 COMPUTE STATISTICS 
  STORAGE(INITIAL 65536 NEXT 1048576 MINEXTENTS 1 MAXEXTENTS 2147483645
  PCTINCREASE 0 FREELISTS 1 FREELIST GROUPS 1 BUFFER_POOL DEFAULT FLASH_CACHE DEFAULT CELL_FLASH_CACHE DEFAULT)
  TABLESPACE "SYSTEM"  ENABLE;
  ALTER TABLE PROVEEDORES MODIFY ("CONTACTO" NOT NULL ENABLE);
  ALTER TABLE PROVEEDORES MODIFY ("NOMBRE_PROV" NOT NULL ENABLE);
  ALTER TABLE PROVEEDORES MODIFY ("PROVEEDOR_ID" NOT NULL ENABLE);
--------------------------------------------------------
--  Constraints for Table PRODUCTOS
--------------------------------------------------------

  ALTER TABLE PRODUCTOS ADD CONSTRAINT "PK_PRODUCTOS" PRIMARY KEY ("PRODUCTO_ID")
  USING INDEX PCTFREE 10 INITRANS 2 MAXTRANS 255 COMPUTE STATISTICS 
  STORAGE(INITIAL 65536 NEXT 1048576 MINEXTENTS 1 MAXEXTENTS 2147483645
  PCTINCREASE 0 FREELISTS 1 FREELIST GROUPS 1 BUFFER_POOL DEFAULT FLASH_CACHE DEFAULT CELL_FLASH_CACHE DEFAULT)
  TABLESPACE "SYSTEM"  ENABLE;
  ALTER TABLE PRODUCTOS MODIFY ("EXISTENCIA" NOT NULL ENABLE);
  ALTER TABLE PRODUCTOS MODIFY ("PRECIO_UNIT" NOT NULL ENABLE);
  ALTER TABLE PRODUCTOS MODIFY ("CATEGORIA_ID" NOT NULL ENABLE);
  ALTER TABLE PRODUCTOS MODIFY ("PROVEEDOR_ID" NOT NULL ENABLE);
  ALTER TABLE PRODUCTOS MODIFY ("PRODUCTO_ID" NOT NULL ENABLE);
--------------------------------------------------------
--  Constraints for Table DETALLE_ORDENES
--------------------------------------------------------

  ALTER TABLE DETALLE_ORDENES ADD CONSTRAINT "PK_DETALLE_ORDENES" PRIMARY KEY ("ORDEN_ID", "DETALLE_ID")
  USING INDEX PCTFREE 10 INITRANS 2 MAXTRANS 255 COMPUTE STATISTICS 
  STORAGE(INITIAL 65536 NEXT 1048576 MINEXTENTS 1 MAXEXTENTS 2147483645
  PCTINCREASE 0 FREELISTS 1 FREELIST GROUPS 1 BUFFER_POOL DEFAULT FLASH_CACHE DEFAULT CELL_FLASH_CACHE DEFAULT)
  TABLESPACE "SYSTEM"  ENABLE;
  ALTER TABLE DETALLE_ORDENES MODIFY ("CANTIDAD" NOT NULL ENABLE);
  ALTER TABLE DETALLE_ORDENES MODIFY ("PRODUCTO_ID" NOT NULL ENABLE);
  ALTER TABLE DETALLE_ORDENES MODIFY ("DETALLE_ID" NOT NULL ENABLE);
  ALTER TABLE DETALLE_ORDENES MODIFY ("ORDEN_ID" NOT NULL ENABLE);
--------------------------------------------------------
--  Constraints for Table COMISIONES
--------------------------------------------------------

  ALTER TABLE COMISIONES ADD CONSTRAINT "PK_COMISION" PRIMARY KEY ("ID_COMISION")
  USING INDEX PCTFREE 10 INITRANS 2 MAXTRANS 255 COMPUTE STATISTICS 
  STORAGE(INITIAL 65536 NEXT 1048576 MINEXTENTS 1 MAXEXTENTS 2147483645
  PCTINCREASE 0 FREELISTS 1 FREELIST GROUPS 1 BUFFER_POOL DEFAULT FLASH_CACHE DEFAULT CELL_FLASH_CACHE DEFAULT)
  TABLESPACE "SYSTEM"  ENABLE;
  ALTER TABLE COMISIONES MODIFY ("FECHA_COMISION" NOT NULL ENABLE);
  ALTER TABLE COMISIONES MODIFY ("VALOR_COMISION" NOT NULL ENABLE);
  ALTER TABLE COMISIONES MODIFY ("NRO_BOLETA" NOT NULL ENABLE);
  ALTER TABLE COMISIONES MODIFY ("EMPLEADO_ID" NOT NULL ENABLE);
  ALTER TABLE COMISIONES MODIFY ("ID_COMISION" NOT NULL ENABLE);
--------------------------------------------------------
--  Constraints for Table BOLETAS
--------------------------------------------------------

  ALTER TABLE BOLETAS ADD PRIMARY KEY ("NRO_BOLETA")
  USING INDEX PCTFREE 10 INITRANS 2 MAXTRANS 255 
  STORAGE(INITIAL 65536 NEXT 1048576 MINEXTENTS 1 MAXEXTENTS 2147483645
  PCTINCREASE 0 FREELISTS 1 FREELIST GROUPS 1 BUFFER_POOL DEFAULT FLASH_CACHE DEFAULT CELL_FLASH_CACHE DEFAULT)
  TABLESPACE "SYSTEM"  ENABLE;
  ALTER TABLE BOLETAS MODIFY ("TOTAL" NOT NULL ENABLE);
  ALTER TABLE BOLETAS MODIFY ("IVA" NOT NULL ENABLE);
  ALTER TABLE BOLETAS MODIFY ("VALOR_NETO" NOT NULL ENABLE);
  ALTER TABLE BOLETAS MODIFY ("EMPLEADO_ID" NOT NULL ENABLE);
  ALTER TABLE BOLETAS MODIFY ("FECHA" NOT NULL ENABLE);
  ALTER TABLE BOLETAS MODIFY ("ORDEN_ID" NOT NULL ENABLE);
--------------------------------------------------------
--  Constraints for Table EMPLEADOS
--------------------------------------------------------

  ALTER TABLE EMPLEADOS ADD CONSTRAINT "PK_EMPLEADOS" PRIMARY KEY ("EMPLEADO_ID")
  USING INDEX PCTFREE 10 INITRANS 2 MAXTRANS 255 COMPUTE STATISTICS 
  STORAGE(INITIAL 65536 NEXT 1048576 MINEXTENTS 1 MAXEXTENTS 2147483645
  PCTINCREASE 0 FREELISTS 1 FREELIST GROUPS 1 BUFFER_POOL DEFAULT FLASH_CACHE DEFAULT CELL_FLASH_CACHE DEFAULT)
  TABLESPACE "SYSTEM"  ENABLE;
  ALTER TABLE EMPLEADOS MODIFY ("EMPLEADO_ID" NOT NULL ENABLE);
--------------------------------------------------------
--  Constraints for Table CATEGORIAS
--------------------------------------------------------

  ALTER TABLE CATEGORIAS ADD CONSTRAINT "PK_CATEGORIAS" PRIMARY KEY ("CATEGORIA_ID")
  USING INDEX PCTFREE 10 INITRANS 2 MAXTRANS 255 COMPUTE STATISTICS 
  STORAGE(INITIAL 65536 NEXT 1048576 MINEXTENTS 1 MAXEXTENTS 2147483645
  PCTINCREASE 0 FREELISTS 1 FREELIST GROUPS 1 BUFFER_POOL DEFAULT FLASH_CACHE DEFAULT CELL_FLASH_CACHE DEFAULT)
  TABLESPACE "SYSTEM"  ENABLE;
  ALTER TABLE CATEGORIAS MODIFY ("NOMBRE_CAT" NOT NULL ENABLE);
  ALTER TABLE CATEGORIAS MODIFY ("CATEGORIA_ID" NOT NULL ENABLE);
--------------------------------------------------------
--  Ref Constraints for Table BOLETAS
--------------------------------------------------------

  ALTER TABLE BOLETAS ADD CONSTRAINT "FK_BOLETA_EMPLEADO" FOREIGN KEY ("EMPLEADO_ID")
	  REFERENCES EMPLEADOS ("EMPLEADO_ID") ENABLE;
  ALTER TABLE BOLETAS ADD CONSTRAINT "FK_BOLETA_ORDEN" FOREIGN KEY ("ORDEN_ID")
	  REFERENCES ORDENES ("ORDEN_ID") ENABLE;
--------------------------------------------------------
--  Ref Constraints for Table COMISIONES
--------------------------------------------------------

  ALTER TABLE COMISIONES ADD CONSTRAINT "FK_COMISION_EMPLEADO" FOREIGN KEY ("EMPLEADO_ID")
	  REFERENCES EMPLEADOS ("EMPLEADO_ID") ENABLE;
--------------------------------------------------------
--  Ref Constraints for Table DETALLE_ORDENES
--------------------------------------------------------

  ALTER TABLE DETALLE_ORDENES ADD CONSTRAINT "FK_DETALLE__ORDEN_DET_ORDENES" FOREIGN KEY ("ORDEN_ID")
	  REFERENCES ORDENES ("ORDEN_ID") ENABLE;
  ALTER TABLE DETALLE_ORDENES ADD CONSTRAINT "FK_DETALLE__PROD_DETA_PRODUCTO" FOREIGN KEY ("PRODUCTO_ID")
	  REFERENCES PRODUCTOS ("PRODUCTO_ID") ENABLE;
--------------------------------------------------------
--  Ref Constraints for Table EMPLEADOS
--------------------------------------------------------

  ALTER TABLE EMPLEADOS ADD CONSTRAINT "FK_EMPLEADO_REPORTA" FOREIGN KEY ("REPORTA_A")
	  REFERENCES EMPLEADOS ("EMPLEADO_ID") ENABLE;
--------------------------------------------------------
--  Ref Constraints for Table ORDENES
--------------------------------------------------------

  ALTER TABLE ORDENES ADD CONSTRAINT "FK_ORDENES_CLIEN_ORD_CLIENTES" FOREIGN KEY ("CLIENTE_ID")
	  REFERENCES CLIENTES ("CLIENTE_ID") ENABLE;
  ALTER TABLE ORDENES ADD CONSTRAINT "FK_ORDENES_EMPLE_ORD_EMPLEADO" FOREIGN KEY ("EMPLEADO_ID")
	  REFERENCES EMPLEADOS ("EMPLEADO_ID") ENABLE;
--------------------------------------------------------
--  Ref Constraints for Table PRODUCTOS
--------------------------------------------------------

  ALTER TABLE PRODUCTOS ADD CONSTRAINT "FK_PRODUCTO_CATE_PROD_CATEGORI" FOREIGN KEY ("CATEGORIA_ID")
	  REFERENCES CATEGORIAS ("CATEGORIA_ID") ENABLE;
  ALTER TABLE PRODUCTOS ADD CONSTRAINT "FK_PRODUCTO_PROV_PROD_PROVEEDO" FOREIGN KEY ("PROVEEDOR_ID")
	  REFERENCES PROVEEDORES ("PROVEEDOR_ID") ENABLE;
  
  --------------------------------------------------------
--  Ref Constraints for Table EMPLEADOS
--------------------------------------------------------

ALTER TABLE CLIENTES ADD CONSTRAINT CLIENTES_Comuna_FK FOREIGN KEY ( Id_comuna ) 
REFERENCES Comuna ( Id_comuna ) NOT DEFERRABLE ;

--tabla rango de comisiones 

  CREATE TABLE RANGO_SUBIDA_COMISION 
   (	"ID_RANGOS" NUMBER(5,0) NOT NULL ENABLE, 
	"INICIO" NUMBER(15,0) NOT NULL ENABLE, 
	"FIN" NUMBER(15,0) NOT NULL ENABLE, 
	"PORCENTAJE" NUMBER(15,0) NOT NULL ENABLE, 
	 CONSTRAINT "RANGO_SUBIDA_COMISION_PK" PRIMARY KEY ("ID_RANGOS")
  USING INDEX PCTFREE 10 INITRANS 2 MAXTRANS 255 
  STORAGE(INITIAL 65536 NEXT 1048576 MINEXTENTS 1 MAXEXTENTS 2147483645
  PCTINCREASE 0 FREELISTS 1 FREELIST GROUPS 1 BUFFER_POOL DEFAULT FLASH_CACHE DEFAULT CELL_FLASH_CACHE DEFAULT)
  TABLESPACE "SYSTEM"  ENABLE
   ) SEGMENT CREATION IMMEDIATE 
  PCTFREE 10 PCTUSED 40 INITRANS 1 MAXTRANS 255 NOCOMPRESS LOGGING
  STORAGE(INITIAL 65536 NEXT 1048576 MINEXTENTS 1 MAXEXTENTS 2147483645
  PCTINCREASE 0 FREELISTS 1 FREELIST GROUPS 1 BUFFER_POOL DEFAULT FLASH_CACHE DEFAULT CELL_FLASH_CACHE DEFAULT)
  TABLESPACE "SYSTEM" ;


insert into RANGO_SUBIDA_COMISION values(1,1,1200,15);
insert into RANGO_SUBIDA_COMISION values(2,1201,2300,20);
insert into RANGO_SUBIDA_COMISION values(3,2301,3500,25);
insert into RANGO_SUBIDA_COMISION values(4,3501,4500,30);
insert into RANGO_SUBIDA_COMISION values(5,4501,6500,35);
insert into RANGO_SUBIDA_COMISION values(6,6501,8900,40);
insert into RANGO_SUBIDA_COMISION values(7,8901,20000,45);
insert into RANGO_SUBIDA_COMISION values(8,20001,40000,50);
insert into RANGO_SUBIDA_COMISION values(9,40001,400000000,50);

--TABLA CARGA FAMILIAR

CREATE TABLE carga_familiar (
    id_carga_familiar        NUMBER NOT NULL,
    primer_nombre_carga      VARCHAR2(25) NOT NULL,
    apellido_paterno_carga   VARCHAR2(25) NOT NULL,
    sexo                     CHAR(1) NOT NULL,
    empleados_empleado_id    NUMBER NOT NULL
)
LOGGING;

ALTER TABLE carga_familiar ADD CONSTRAINT carga_familiar_pk PRIMARY KEY ( id_carga_familiar );

ALTER TABLE carga_familiar
    ADD CONSTRAINT carga_familiar_empleados_fk FOREIGN KEY ( empleados_empleado_id )
        REFERENCES empleados ( empleado_id )
    NOT DEFERRABLE;
    
--INSERTAR DATOS CARGA FAMILIAR 

INSERT INTO "CARGA_FAMILIAR" (ID_CARGA_FAMILIAR, PRIMER_NOMBRE_CARGA, APELLIDO_PATERNO_CARGA, SEXO, EMPLEADOS_EMPLEADO_ID) VALUES ('10', 'JOAQUIN', 'TORO', 'M', '1');
INSERT INTO "CARGA_FAMILIAR" (ID_CARGA_FAMILIAR, PRIMER_NOMBRE_CARGA, APELLIDO_PATERNO_CARGA, SEXO, EMPLEADOS_EMPLEADO_ID) VALUES ('20', 'ALEXIS', 'SANCHEZ', 'M', '2');
INSERT INTO "CARGA_FAMILIAR" (ID_CARGA_FAMILIAR, PRIMER_NOMBRE_CARGA, APELLIDO_PATERNO_CARGA, SEXO, EMPLEADOS_EMPLEADO_ID) VALUES ('30', 'ALONSO', 'MATURANA', 'M', '3');
INSERT INTO "CARGA_FAMILIAR" (ID_CARGA_FAMILIAR, PRIMER_NOMBRE_CARGA, APELLIDO_PATERNO_CARGA, SEXO, EMPLEADOS_EMPLEADO_ID) VALUES ('40', 'MARIA JOAQUINA', 'MACKENNA', 'F', '4');
INSERT INTO "CARGA_FAMILIAR" (ID_CARGA_FAMILIAR, PRIMER_NOMBRE_CARGA, APELLIDO_PATERNO_CARGA, SEXO, EMPLEADOS_EMPLEADO_ID) VALUES ('50', 'MANUELA', 'SOTO', 'F', '6');
INSERT INTO "CARGA_FAMILIAR" (ID_CARGA_FAMILIAR, PRIMER_NOMBRE_CARGA, APELLIDO_PATERNO_CARGA, SEXO, EMPLEADOS_EMPLEADO_ID) VALUES ('60', 'EMILIA', 'MATURANA', 'F', '3');
INSERT INTO "CARGA_FAMILIAR" (ID_CARGA_FAMILIAR, PRIMER_NOMBRE_CARGA, APELLIDO_PATERNO_CARGA, SEXO, EMPLEADOS_EMPLEADO_ID) VALUES ('70', 'ANTONELLA', 'TORO', 'F', '1');


--RANGO DE BONO DE AÑOS DE SERVICIO 

CREATE TABLE RANGO_BONO_DE_SERVICIO 
   (	"ID_RANGOS" VARCHAR2(10) NOT NULL ENABLE, 
	"INICIO" NUMBER(15,0) NOT NULL ENABLE, 
	"FIN" NUMBER(15,0) NOT NULL ENABLE, 
	"PORCENTAJE" NUMBER(15,0) NOT NULL ENABLE, 
	 CONSTRAINT "RANGO_BONO_DE_SERVICIO_PK" PRIMARY KEY ("ID_RANGOS")
  USING INDEX PCTFREE 10 INITRANS 2 MAXTRANS 255 
  STORAGE(INITIAL 65536 NEXT 1048576 MINEXTENTS 1 MAXEXTENTS 2147483645
  PCTINCREASE 0 FREELISTS 1 FREELIST GROUPS 1 BUFFER_POOL DEFAULT FLASH_CACHE DEFAULT CELL_FLASH_CACHE DEFAULT)
  TABLESPACE "SYSTEM"  ENABLE
   ) SEGMENT CREATION IMMEDIATE 
  PCTFREE 10 PCTUSED 40 INITRANS 1 MAXTRANS 255 NOCOMPRESS LOGGING
  STORAGE(INITIAL 65536 NEXT 1048576 MINEXTENTS 1 MAXEXTENTS 2147483645
  PCTINCREASE 0 FREELISTS 1 FREELIST GROUPS 1 BUFFER_POOL DEFAULT FLASH_CACHE DEFAULT CELL_FLASH_CACHE DEFAULT)
  TABLESPACE "SYSTEM" ;

insert into RANGO_BONO_DE_SERVICIO values('A1',1,3,10);
insert into RANGO_BONO_DE_SERVICIO values('A2',4,6,14);
insert into RANGO_BONO_DE_SERVICIO values('A3',7,9,18);
insert into RANGO_BONO_DE_SERVICIO values('A4',10,13,22);
insert into RANGO_BONO_DE_SERVICIO values('A5',14,16,24);
insert into RANGO_BONO_DE_SERVICIO values('A6',17,40,27);
    

 --- RANGO DE BONO POR HIJO 
 
CREATE TABLE RANGO_BONO_POR_HIJO
   (	"ID_RANGOS" VARCHAR2(10) NOT NULL ENABLE, 
	"INICIO" NUMBER(15,0) NOT NULL ENABLE, 
	"FIN" NUMBER(15,0) NOT NULL ENABLE, 
	"MONTO" NUMBER(15,0) NOT NULL ENABLE, 
	 CONSTRAINT "RANGO_BONO_POR_HIJO_PK" PRIMARY KEY ("ID_RANGOS")
  USING INDEX PCTFREE 10 INITRANS 2 MAXTRANS 255 
  STORAGE(INITIAL 65536 NEXT 1048576 MINEXTENTS 1 MAXEXTENTS 2147483645
  PCTINCREASE 0 FREELISTS 1 FREELIST GROUPS 1 BUFFER_POOL DEFAULT FLASH_CACHE DEFAULT CELL_FLASH_CACHE DEFAULT)
  TABLESPACE "SYSTEM"  ENABLE
   ) SEGMENT CREATION IMMEDIATE 
  PCTFREE 10 PCTUSED 40 INITRANS 1 MAXTRANS 255 NOCOMPRESS LOGGING
  STORAGE(INITIAL 65536 NEXT 1048576 MINEXTENTS 1 MAXEXTENTS 2147483645
  PCTINCREASE 0 FREELISTS 1 FREELIST GROUPS 1 BUFFER_POOL DEFAULT FLASH_CACHE DEFAULT CELL_FLASH_CACHE DEFAULT)
  TABLESPACE "SYSTEM" ;

Insert into RANGO_BONO_POR_HIJO (ID_RANGOS,INICIO,FIN,MONTO) values ('A10','1','1','50000');
Insert into RANGO_BONO_POR_HIJO (ID_RANGOS,INICIO,FIN,MONTO) values ('A20','2','4','100000');
Insert into RANGO_BONO_POR_HIJO (ID_RANGOS,INICIO,FIN,MONTO) values ('A30','5','9','150000');
Insert into RANGO_BONO_POR_HIJO (ID_RANGOS,INICIO,FIN,MONTO) values ('A40','10','15','200000');


--tabla cal_bono

  CREATE TABLE "CAL_BONO" 
   (	"FECHA_PROCESO" VARCHAR2(7 BYTE) NOT NULL ENABLE, 
	"EMPLEADO_ID" NUMBER NOT NULL ENABLE, 
	"NOMBRE_COMPLETO" VARCHAR2(61 BYTE), 
	"BONO_ANTIGUEDAD" NUMBER, 
	"BONO_POR_HIJO" NUMBER, 
	"COMISION" NUMBER, 
	 CONSTRAINT "CAL_BONO_PK" PRIMARY KEY ("FECHA_PROCESO", "EMPLEADO_ID")
  USING INDEX PCTFREE 10 INITRANS 2 MAXTRANS 255 COMPUTE STATISTICS 
  STORAGE(INITIAL 65536 NEXT 1048576 MINEXTENTS 1 MAXEXTENTS 2147483645
  PCTINCREASE 0 FREELISTS 1 FREELIST GROUPS 1 BUFFER_POOL DEFAULT FLASH_CACHE DEFAULT CELL_FLASH_CACHE DEFAULT)
  TABLESPACE "SYSTEM"  ENABLE
   ) SEGMENT CREATION IMMEDIATE 
  PCTFREE 10 PCTUSED 40 INITRANS 1 MAXTRANS 255 NOCOMPRESS LOGGING
  STORAGE(INITIAL 65536 NEXT 1048576 MINEXTENTS 1 MAXEXTENTS 2147483645
  PCTINCREASE 0 FREELISTS 1 FREELIST GROUPS 1 BUFFER_POOL DEFAULT FLASH_CACHE DEFAULT CELL_FLASH_CACHE DEFAULT)
  TABLESPACE "SYSTEM" ;


--tabla errores


  CREATE TABLE "REG_ERRORES" 
   (	"SEC_ERROR" NUMBER(5,0), 
	"SUBPROGRAMA" VARCHAR2(300 BYTE), 
	"MENSAJE" VARCHAR2(300 BYTE), 
	 CONSTRAINT "PK_ERRORES" PRIMARY KEY ("SEC_ERROR")
  USING INDEX PCTFREE 10 INITRANS 2 MAXTRANS 255 COMPUTE STATISTICS 
  STORAGE(INITIAL 65536 NEXT 1048576 MINEXTENTS 1 MAXEXTENTS 2147483645
  PCTINCREASE 0 FREELISTS 1 FREELIST GROUPS 1 BUFFER_POOL DEFAULT FLASH_CACHE DEFAULT CELL_FLASH_CACHE DEFAULT)
  TABLESPACE "SYSTEM"  ENABLE
   ) SEGMENT CREATION IMMEDIATE 
  PCTFREE 10 PCTUSED 40 INITRANS 1 MAXTRANS 255 NOCOMPRESS LOGGING
  STORAGE(INITIAL 65536 NEXT 1048576 MINEXTENTS 1 MAXEXTENTS 2147483645
  PCTINCREASE 0 FREELISTS 1 FREELIST GROUPS 1 BUFFER_POOL DEFAULT FLASH_CACHE DEFAULT CELL_FLASH_CACHE DEFAULT)
  TABLESPACE "SYSTEM" ;
  
  CREATE SEQUENCE SEQ_ERRORES;

CREATE TABLE cargo (
    id_cargo       VARCHAR2(10) NOT NULL,
    nombre_cargo   VARCHAR2(25) NOT NULL
)
LOGGING;

ALTER TABLE cargo ADD CONSTRAINT cargo_pk PRIMARY KEY ( id_cargo );


ALTER TABLE empleados
    ADD CONSTRAINT empleados_cargo_fk FOREIGN KEY ( CARGO_ID_CARGO )
        REFERENCES cargo ( id_cargo )
    NOT DEFERRABLE;



INSERT INTO CARGO (ID_CARGO, NOMBRE_CARGO) VALUES ('A10', 'VENDEDOR');
INSERT INTO CARGO (ID_CARGO, NOMBRE_CARGO) VALUES ('A20', 'GENERENTE COMERCIAL');
INSERT INTO CARGO (ID_CARGO, NOMBRE_CARGO) VALUES ('A30', 'TI');
INSERT INTO CARGO (ID_CARGO, NOMBRE_CARGO) VALUES ('A40', 'SOPORTE');
INSERT INTO CARGO (ID_CARGO, NOMBRE_CARGO) VALUES ('A50', 'RRHH');
INSERT INTO CARGO (ID_CARGO, NOMBRE_CARGO) VALUES ('A60', 'GERENTE GENERAL');

INSERT INTO EMPLEADOS (EMPLEADO_ID, NOMBRE, APELLIDO, FECHA_NAC, SUELDO, FECHA_CONTRATO, EXTENSION, CARGO_ID_CARGO,idsalud) VALUES ('8', 'HERNAN', 'FLORES', TO_DATE('1987-12-27 00:00:00', 'YYYY-MM-DD HH24:MI:SS'), '1250000', TO_DATE('2000-01-10 00:00:00', 'YYYY-MM-DD HH24:MI:SS'), '10', 'A60','F');
INSERT INTO EMPLEADOS (EMPLEADO_ID, NOMBRE, APELLIDO, FECHA_NAC, SUELDO, FECHA_CONTRATO, REPORTA_A, EXTENSION, CARGO_ID_CARGO,idsalud) VALUES ('9', 'NICOLAS', 'PALMA', TO_DATE('1992-11-09 00:00:00', 'YYYY-MM-DD HH24:MI:SS'), '600000', TO_DATE('2016-10-18 00:00:00', 'YYYY-MM-DD HH24:MI:SS'), '7', '300', 'A30','I');
INSERT INTO EMPLEADOS (EMPLEADO_ID, NOMBRE, APELLIDO, FECHA_NAC, SUELDO, FECHA_CONTRATO, REPORTA_A, EXTENSION, CARGO_ID_CARGO,idsalud) VALUES ('10', 'VIOLETA', 'SEPULVEDA', TO_DATE('1989-02-21 00:00:00', 'YYYY-MM-DD HH24:MI:SS'), '700000', TO_DATE('2016-09-01 00:00:00', 'YYYY-MM-DD HH24:MI:SS'), '7', '206', 'A50','FA');


INSERT INTO CARGA_FAMILIAR (ID_CARGA_FAMILIAR, PRIMER_NOMBRE_CARGA, APELLIDO_PATERNO_CARGA, SEXO, EMPLEADOS_EMPLEADO_ID) VALUES ('80', 'VICENTE', 'BURGOS', 'M', '10');
INSERT INTO CARGA_FAMILIAR (ID_CARGA_FAMILIAR, PRIMER_NOMBRE_CARGA, APELLIDO_PATERNO_CARGA, SEXO, EMPLEADOS_EMPLEADO_ID) VALUES ('90', 'JOSEFA', 'BELTRAN', 'F', '8');

UPDATE EMPLEADOS SET CARGO_ID_CARGO = 'A10' WHERE EMPLEADO_ID = '2';
UPDATE EMPLEADOS SET CARGO_ID_CARGO = 'A10' WHERE EMPLEADO_ID= '3';
UPDATE EMPLEADOS SET CARGO_ID_CARGO = 'A10' WHERE EMPLEADO_ID = '4';
UPDATE EMPLEADOS SET CARGO_ID_CARGO = 'A10' WHERE EMPLEADO_ID = '5';
UPDATE EMPLEADOS SET CARGO_ID_CARGO = 'A10' WHERE EMPLEADO_ID = '6';
UPDATE EMPLEADOS SET CARGO_ID_CARGO = 'A10' WHERE EMPLEADO_ID = '7';
UPDATE EMPLEADOS SET CARGO_ID_CARGO = 'A20' WHERE EMPLEADO_ID = '1';

UPDATE EMPLEADOS SET REPORTA_A = '8' WHERE EMPLEADO_ID = '1';

-- tabla comision 
CREATE TABLE PORCENTAJE_COMISION
(
 NRO_TRAMO		NUMBER(1) NOT NULL,
 INICIO_VENTAS	NUMBER NOT NULL,
 FIN_VENTAS   	NUMBER NOT NULL,
 PORC_COMISION		NUMBER(4,2) NOT NULL
 );

ALTER TABLE PORCENTAJE_COMISION 
      ADD CONSTRAINT PK_PORCENTAJE_COMISION 
      PRIMARY KEY (NRO_TRAMO);

INSERT INTO PORCENTAJE_COMISION VALUES(1,1,50000,1.5);
INSERT INTO PORCENTAJE_COMISION VALUES(2,50001,100000,2.5);
INSERT INTO PORCENTAJE_COMISION VALUES(3,100001,200000,3.5);
INSERT INTO PORCENTAJE_COMISION VALUES(4,200001,300000,4.5);
INSERT INTO PORCENTAJE_COMISION VALUES(5,300001,20000000,5.5);












---calculo 

Insert into ORDENES (ORDEN_ID,EMPLEADO_ID,CLIENTE_ID,FECHA_ORDEN,DESCUENTO) values ('10','2','2',to_date('04/05/18','DD/MM/RR'),'2');
Insert into ORDENES (ORDEN_ID,EMPLEADO_ID,CLIENTE_ID,FECHA_ORDEN,DESCUENTO) values ('11','1','3',to_date('04/05/18','DD/MM/RR'),null);
INSERT INTO "ORDENES" (ORDEN_ID, EMPLEADO_ID, CLIENTE_ID, FECHA_ORDEN, DESCUENTO) VALUES ('12', '3', '1', TO_DATE('2018-05-04 00:00:00', 'YYYY-MM-DD HH24:MI:SS'), '4');
INSERT INTO "ORDENES" (ORDEN_ID, EMPLEADO_ID, CLIENTE_ID, FECHA_ORDEN) VALUES ('13', '7', '2', TO_DATE('2018-05-04 00:00:00', 'YYYY-MM-DD HH24:MI:SS'));
INSERT INTO "ORDENES" (ORDEN_ID, EMPLEADO_ID, CLIENTE_ID, FECHA_ORDEN, DESCUENTO) VALUES ('14', '6', '9', TO_DATE('2018-05-04 00:00:00', 'YYYY-MM-DD HH24:MI:SS'), '4');
INSERT INTO "ORDENES" (ORDEN_ID, EMPLEADO_ID, CLIENTE_ID, FECHA_ORDEN, DESCUENTO) VALUES ('15', '7', '10', TO_DATE('2018-05-04 00:00:00', 'YYYY-MM-DD HH24:MI:SS'), '5');
INSERT INTO "ORDENES" (ORDEN_ID, EMPLEADO_ID, CLIENTE_ID, FECHA_ORDEN) VALUES ('16', '8', '8', TO_DATE('2018-05-04 00:00:00', 'YYYY-MM-DD HH24:MI:SS'));
INSERT INTO "ORDENES" (ORDEN_ID, EMPLEADO_ID, CLIENTE_ID, FECHA_ORDEN, DESCUENTO) VALUES ('17', '5', '7', TO_DATE('2018-05-04 00:00:00', 'YYYY-MM-DD HH24:MI:SS'), '6');
INSERT INTO "ORDENES" (ORDEN_ID, EMPLEADO_ID, CLIENTE_ID, FECHA_ORDEN, DESCUENTO) VALUES ('18', '3', '6', TO_DATE('2018-05-04 00:00:00', 'YYYY-MM-DD HH24:MI:SS'), '4');
INSERT INTO "ORDENES" (ORDEN_ID, EMPLEADO_ID, CLIENTE_ID, FECHA_ORDEN, DESCUENTO) VALUES ('19', '3', '5', TO_DATE('2018-05-04 00:00:00', 'YYYY-MM-DD HH24:MI:SS'), '5');
INSERT INTO "ORDENES" (ORDEN_ID, EMPLEADO_ID, CLIENTE_ID, FECHA_ORDEN, DESCUENTO) VALUES ('20', '7', '4', TO_DATE('2018-05-04 00:00:00', 'YYYY-MM-DD HH24:MI:SS'), '6');

--
Insert into ORDENES (ORDEN_ID,EMPLEADO_ID,CLIENTE_ID,FECHA_ORDEN,DESCUENTO) values ('21','3','2',to_date('05/05/18','DD/MM/RR'),'2');
Insert into ORDENES (ORDEN_ID,EMPLEADO_ID,CLIENTE_ID,FECHA_ORDEN,DESCUENTO) values ('22','3','3',to_date('05/05/18','DD/MM/RR'),null);
INSERT INTO "ORDENES" (ORDEN_ID, EMPLEADO_ID, CLIENTE_ID, FECHA_ORDEN, DESCUENTO) VALUES ('23', '4', '1', TO_DATE('2018-05-05 00:00:00', 'YYYY-MM-DD HH24:MI:SS'), '4');
INSERT INTO "ORDENES" (ORDEN_ID, EMPLEADO_ID, CLIENTE_ID, FECHA_ORDEN) VALUES ('24', '7', '2', TO_DATE('2018-05-05 00:00:00', 'YYYY-MM-DD HH24:MI:SS'));
INSERT INTO "ORDENES" (ORDEN_ID, EMPLEADO_ID, CLIENTE_ID, FECHA_ORDEN, DESCUENTO) VALUES ('25', '6', '9', TO_DATE('2018-05-05 00:00:00', 'YYYY-MM-DD HH24:MI:SS'), '4');
INSERT INTO "ORDENES" (ORDEN_ID, EMPLEADO_ID, CLIENTE_ID, FECHA_ORDEN, DESCUENTO) VALUES ('26', '7', '10', TO_DATE('2018-05-05 00:00:00', 'YYYY-MM-DD HH24:MI:SS'), '5');
INSERT INTO "ORDENES" (ORDEN_ID, EMPLEADO_ID, CLIENTE_ID, FECHA_ORDEN) VALUES ('27', '8', '8', TO_DATE('2018-05-04 00:00:00', 'YYYY-MM-DD HH24:MI:SS'));
INSERT INTO "ORDENES" (ORDEN_ID, EMPLEADO_ID, CLIENTE_ID, FECHA_ORDEN, DESCUENTO) VALUES ('28', '5', '7', TO_DATE('2018-05-05 00:00:00', 'YYYY-MM-DD HH24:MI:SS'), '6');
INSERT INTO "ORDENES" (ORDEN_ID, EMPLEADO_ID, CLIENTE_ID, FECHA_ORDEN, DESCUENTO) VALUES ('29', '6', '6', TO_DATE('2018-05-05 00:00:00', 'YYYY-MM-DD HH24:MI:SS'), '4');
INSERT INTO "ORDENES" (ORDEN_ID, EMPLEADO_ID, CLIENTE_ID, FECHA_ORDEN, DESCUENTO) VALUES ('30', '6', '5', TO_DATE('2018-05-05 00:00:00', 'YYYY-MM-DD HH24:MI:SS'), '5');




--select * from productos;
--detalles ordenes 

Insert into DETALLE_ORDENES (ORDEN_ID,DETALLE_ID,PRODUCTO_ID,CANTIDAD) values ('10','1','1','50');

Insert into DETALLE_ORDENES (ORDEN_ID,DETALLE_ID,PRODUCTO_ID,CANTIDAD) values ('11','2','11','25');
Insert into DETALLE_ORDENES (ORDEN_ID,DETALLE_ID,PRODUCTO_ID,CANTIDAD) values ('11','3','1','32');

Insert into DETALLE_ORDENES (ORDEN_ID,DETALLE_ID,PRODUCTO_ID,CANTIDAD) values ('12','1','10','40');
Insert into DETALLE_ORDENES (ORDEN_ID,DETALLE_ID,PRODUCTO_ID,CANTIDAD) values ('12','2','9','54');
Insert into DETALLE_ORDENES (ORDEN_ID,DETALLE_ID,PRODUCTO_ID,CANTIDAD) values ('12','3','11','25');

Insert into DETALLE_ORDENES (ORDEN_ID,DETALLE_ID,PRODUCTO_ID,CANTIDAD) values ('13','1','10','66');
Insert into DETALLE_ORDENES (ORDEN_ID,DETALLE_ID,PRODUCTO_ID,CANTIDAD) values ('13','2','1','400');

Insert into DETALLE_ORDENES (ORDEN_ID,DETALLE_ID,PRODUCTO_ID,CANTIDAD) values ('14','1','2','200');
Insert into DETALLE_ORDENES (ORDEN_ID,DETALLE_ID,PRODUCTO_ID,CANTIDAD) values ('14','2','3','150');
Insert into DETALLE_ORDENES (ORDEN_ID,DETALLE_ID,PRODUCTO_ID,CANTIDAD) values ('14','3','4','160');

Insert into DETALLE_ORDENES (ORDEN_ID,DETALLE_ID,PRODUCTO_ID,CANTIDAD) values ('15','1','6','160');
Insert into DETALLE_ORDENES (ORDEN_ID,DETALLE_ID,PRODUCTO_ID,CANTIDAD) values ('15','2','7','110');
Insert into DETALLE_ORDENES (ORDEN_ID,DETALLE_ID,PRODUCTO_ID,CANTIDAD) values ('15','3','8','160');

Insert into DETALLE_ORDENES (ORDEN_ID,DETALLE_ID,PRODUCTO_ID,CANTIDAD) values ('16','1','9','160');
Insert into DETALLE_ORDENES (ORDEN_ID,DETALLE_ID,PRODUCTO_ID,CANTIDAD) values ('16','2','7','150');
Insert into DETALLE_ORDENES (ORDEN_ID,DETALLE_ID,PRODUCTO_ID,CANTIDAD) values ('16','3','6','120');

Insert into DETALLE_ORDENES (ORDEN_ID,DETALLE_ID,PRODUCTO_ID,CANTIDAD) values ('17','1','10','160');
Insert into DETALLE_ORDENES (ORDEN_ID,DETALLE_ID,PRODUCTO_ID,CANTIDAD) values ('17','2','11','160');

Insert into DETALLE_ORDENES (ORDEN_ID,DETALLE_ID,PRODUCTO_ID,CANTIDAD) values ('18','1','3','110');
Insert into DETALLE_ORDENES (ORDEN_ID,DETALLE_ID,PRODUCTO_ID,CANTIDAD) values ('18','2','5','115');

Insert into DETALLE_ORDENES (ORDEN_ID,DETALLE_ID,PRODUCTO_ID,CANTIDAD) values ('19','1','3','110');
Insert into DETALLE_ORDENES (ORDEN_ID,DETALLE_ID,PRODUCTO_ID,CANTIDAD) values ('19','2','6','116');
Insert into DETALLE_ORDENES (ORDEN_ID,DETALLE_ID,PRODUCTO_ID,CANTIDAD) values ('19','3','8','116');


Insert into DETALLE_ORDENES (ORDEN_ID,DETALLE_ID,PRODUCTO_ID,CANTIDAD) values ('20','1','6','130');
Insert into DETALLE_ORDENES (ORDEN_ID,DETALLE_ID,PRODUCTO_ID,CANTIDAD) values ('20','2','2','134');

--------------------

Insert into DETALLE_ORDENES (ORDEN_ID,DETALLE_ID,PRODUCTO_ID,CANTIDAD) values ('21','1','13','60');

Insert into DETALLE_ORDENES (ORDEN_ID,DETALLE_ID,PRODUCTO_ID,CANTIDAD) values ('22','1','13','27');
Insert into DETALLE_ORDENES (ORDEN_ID,DETALLE_ID,PRODUCTO_ID,CANTIDAD) values ('22','2','1','34');

Insert into DETALLE_ORDENES (ORDEN_ID,DETALLE_ID,PRODUCTO_ID,CANTIDAD) values ('23','1','13','42');
Insert into DETALLE_ORDENES (ORDEN_ID,DETALLE_ID,PRODUCTO_ID,CANTIDAD) values ('23','2','9','65');
Insert into DETALLE_ORDENES (ORDEN_ID,DETALLE_ID,PRODUCTO_ID,CANTIDAD) values ('23','3','11','21');

Insert into DETALLE_ORDENES (ORDEN_ID,DETALLE_ID,PRODUCTO_ID,CANTIDAD) values ('24','1','10','66');
Insert into DETALLE_ORDENES (ORDEN_ID,DETALLE_ID,PRODUCTO_ID,CANTIDAD) values ('24','2','1','400');

Insert into DETALLE_ORDENES (ORDEN_ID,DETALLE_ID,PRODUCTO_ID,CANTIDAD) values ('25','1','2','220');
Insert into DETALLE_ORDENES (ORDEN_ID,DETALLE_ID,PRODUCTO_ID,CANTIDAD) values ('25','2','3','130');
Insert into DETALLE_ORDENES (ORDEN_ID,DETALLE_ID,PRODUCTO_ID,CANTIDAD) values ('25','3','4','140');

Insert into DETALLE_ORDENES (ORDEN_ID,DETALLE_ID,PRODUCTO_ID,CANTIDAD) values ('26','1','6','156');
Insert into DETALLE_ORDENES (ORDEN_ID,DETALLE_ID,PRODUCTO_ID,CANTIDAD) values ('26','2','7','145');
Insert into DETALLE_ORDENES (ORDEN_ID,DETALLE_ID,PRODUCTO_ID,CANTIDAD) values ('26','3','8','87');

Insert into DETALLE_ORDENES (ORDEN_ID,DETALLE_ID,PRODUCTO_ID,CANTIDAD) values ('27','1','9','154');
Insert into DETALLE_ORDENES (ORDEN_ID,DETALLE_ID,PRODUCTO_ID,CANTIDAD) values ('27','2','7','143');
Insert into DETALLE_ORDENES (ORDEN_ID,DETALLE_ID,PRODUCTO_ID,CANTIDAD) values ('27','3','6','122');

Insert into DETALLE_ORDENES (ORDEN_ID,DETALLE_ID,PRODUCTO_ID,CANTIDAD) values ('28','1','10','111');
Insert into DETALLE_ORDENES (ORDEN_ID,DETALLE_ID,PRODUCTO_ID,CANTIDAD) values ('28','2','11','100');

Insert into DETALLE_ORDENES (ORDEN_ID,DETALLE_ID,PRODUCTO_ID,CANTIDAD) values ('29','1','3','110');
Insert into DETALLE_ORDENES (ORDEN_ID,DETALLE_ID,PRODUCTO_ID,CANTIDAD) values ('29','2','5','115');

Insert into DETALLE_ORDENES (ORDEN_ID,DETALLE_ID,PRODUCTO_ID,CANTIDAD) values ('30','1','10','110');
Insert into DETALLE_ORDENES (ORDEN_ID,DETALLE_ID,PRODUCTO_ID,CANTIDAD) values ('30','2','11','116');
Insert into DETALLE_ORDENES (ORDEN_ID,DETALLE_ID,PRODUCTO_ID,CANTIDAD) values ('30','3','13','116');



commit;
 