DROP TABLE 	ARRIENDO_CAMION	cascade consTraints;
DROP TABLE 	CAMION	cascade consTraints;
DROP TABLE 	CLIENTE	cascade consTraints;
DROP TABLE 	COMISION	cascade consTraints;
DROP TABLE 	COMUNA	cascade consTraints;
DROP TABLE 	DESCUENTO	cascade consTraints;
DROP TABLE 	MARCA	cascade consTraints;
DROP TABLE 	MONTO_MULTAS	cascade consTraints;
DROP TABLE 	RESUMEN_ARRIENDO	cascade consTraints;
DROP TABLE 	RESUMEN_COMISION	cascade consTraints;
DROP TABLE 	TIPOCLIENTE	cascade consTraints;
DROP TABLE 	TIPOPAGO	cascade consTraints;
DROP TABLE 	TIPO_CAMION	cascade consTraints;
DROP TABLE 	TIPO_SALUD	cascade consTraints;
DROP TABLE 	COLABORADOR	cascade consTraints;
DROP TABLE ESTADO_CIVIL cascade consTraints;
CREATE TABLE arriendo_camion (
    idarri            NUMBER(7) NOT NULL,
    patente           VARCHAR2(6) NOT NULL,
    rutcli            VARCHAR2(10) NOT NULL,
    fechaini          DATE NOT NULL,
    dias_solicitado   NUMBER(6),
    fecha_dev         DATE,
    idtipo            VARCHAR2(1) NOT NULL
);

CREATE TABLE TIPO_SALUD  (
tipo_sal_id  VARCHAR2 (3) NOT NULL CONSTRAINT PK_TIPO_SALUD PRIMARY KEY ,
descripcion VARCHAR2 (100) NOT NULL,
pct_sueldo  NUMBER(3,1) NOT NULL
);



ALTER TABLE arriendo_camion ADD CONSTRAINT arriendo_camion_pk PRIMARY KEY ( idarri );

CREATE TABLE cliente (
    rutcli      VARCHAR2(10) NOT NULL,
    nomcli      VARCHAR2(50) NOT NULL,
    direccion   VARCHAR2(60) NOT NULL,
    celular     VARCHAR2(15) NOT NULL,
    renta       NUMBER(7) NOT NULL,
    idcomuna    NUMBER(3),
    idtipo      VARCHAR2(1) NOT NULL,
    ID_ESTADO_CIVIL   NUMBER NOT NULL
);



ALTER TABLE cliente ADD CONSTRAINT cliente_pk PRIMARY KEY ( rutcli );

CREATE TABLE comision (
    id             NUMBER(2) NOT NULL,
    cantidad_ini   NUMBER(2) NOT NULL,
    cantidad_fin   NUMBER(2) NOT NULL,
    porcentaje     NUMBER(2) NOT NULL
);

ALTER TABLE comision ADD CONSTRAINT comision_pk PRIMARY KEY ( id );

CREATE TABLE comuna (
    idcomuna    NUMBER(3) NOT NULL,
    nomcomuna   VARCHAR2(30) NOT NULL
);

ALTER TABLE comuna ADD CONSTRAINT comuna_pk PRIMARY KEY ( idcomuna );

ALTER TABLE comuna ADD CONSTRAINT comuna_nomcomuna_un UNIQUE ( nomcomuna );

CREATE TABLE descuento (
    id         NUMBER(2) NOT NULL,
    dias_ini   NUMBER(2) NOT NULL,
    dias_fin   NUMBER(2) NOT NULL,
    monto      NUMBER(6) NOT NULL
);

ALTER TABLE descuento ADD CONSTRAINT descuento_pk PRIMARY KEY ( id );

CREATE TABLE COLABORADOR  (
    rut_colab     VARCHAR2(10) NOT NULL,
    paterno     VARCHAR2(15) NOT NULL,
    materno     VARCHAR2(15) NOT NULL,
    nombre      VARCHAR2(25) NOT NULL,
    direccion   VARCHAR2(60) NOT NULL,
    sexo        CHAR(1),
    fono1       VARCHAR2(15) NOT NULL,
    fecnac      DATE,
    fecing      DATE NOT NULL,
    bono        NUMBER(7) NOT NULL,
    sueldo      NUMBER(7) NOT NULL,
    idcomuna    NUMBER(3),
    idsalud     VARCHAR2 (3) not null references TIPO_salud (tipo_sal_id),
    "ID_ESTADO_CIVIL"   NUMBER NOT NULL
);


ALTER TABLE COLABORADOR 
    ADD CONSTRAINT chk_sexoo_1 CHECK (
        sexo IS NULL
        OR sexo IN (
            'F',
            'M'
        )
    );

ALTER TABLE COLABORADOR  ADD CONSTRAINT COLABORADOR_pk PRIMARY KEY ( rut_colab);

CREATE TABLE marca (
    idmarca   NUMBER(2) NOT NULL,
    nombre    VARCHAR2(20) NOT NULL
);

ALTER TABLE marca ADD CONSTRAINT marca_pk PRIMARY KEY ( idmarca );

CREATE TABLE monto_multas (
    id         NUMBER(2) NOT NULL,
    dias_ini   NUMBER(2) NOT NULL,
    dias_fin   NUMBER(2) NOT NULL,
    monto      NUMBER(6) NOT NULL
);

ALTER TABLE monto_multas ADD CONSTRAINT monto_multas_pk PRIMARY KEY ( id );

CREATE TABLE resumen_arriendo (
    periodo           NUMBER(6) NOT NULL,
    patente           VARCHAR2(6) NOT NULL,
    dias_arriendo     NUMBER(6),
    monto_arriendo    NUMBER(6),
    monto_multa       NUMBER(6),
    monto_descuento   NUMBER(6),
    total             NUMBER(6)
);

ALTER TABLE resumen_arriendo ADD CONSTRAINT resumen_arriendo_pk PRIMARY KEY ( periodo,
patente );

CREATE TABLE resumen_comision (
    periodo   VARCHAR2(6) NOT NULL,
    rut_colab   VARCHAR2(10) NOT NULL,
    monto     NUMBER(6)
);

ALTER TABLE resumen_comision ADD CONSTRAINT resumen_comision_pk PRIMARY KEY ( periodo,
rut_colab);

CREATE TABLE tipocliente (
    idtipo    VARCHAR2(1) NOT NULL,
    nomtipo   VARCHAR2(15) NOT NULL
);

ALTER TABLE tipocliente ADD CONSTRAINT tipocliente_pk PRIMARY KEY ( idtipo );

CREATE TABLE tipopago (
    idtipo    VARCHAR2(1) NOT NULL,
    nomtipo   VARCHAR2(15) NOT NULL
);

ALTER TABLE tipopago ADD CONSTRAINT tipopago_pk PRIMARY KEY ( idtipo );

CREATE TABLE tipo_camion  (
    idtipo    VARCHAR2(1) NOT NULL,
    nomtipo   VARCHAR2(40) NOT NULL
);

ALTER TABLE tipo_camion  ADD CONSTRAINT tipo_camion_pk PRIMARY KEY ( idtipo );

CREATE TABLE camion (
    patente       VARCHAR2(6) NOT NULL,
    color         VARCHAR2(15) NOT NULL,
    motor         VARCHAR2(5) NOT NULL,
    anio          NUMBER(4),
    rentadiaria   NUMBER(7) NOT NULL,
    garantia      NUMBER(6),
    idtipo        VARCHAR2(1) NOT NULL,
    rut_colab       VARCHAR2(10),
    idmarca       NUMBER(2) NOT NULL
);

CREATE TABLE ESTADO_CIVIL (
    id_estado_civil       NUMBER NOT NULL,
    nombre_estado_civil   VARCHAR2(25) NOT NULL
)
LOGGING;

ALTER TABLE ESTADO_CIVIL ADD CONSTRAINT ESTADO_CIVIL_PK PRIMARY KEY ( id_estado_civil );




ALTER TABLE camion ADD CONSTRAINT vehiculo_pk PRIMARY KEY ( patente );

ALTER TABLE arriendo_camion
    ADD CONSTRAINT arriendovehiculo_cliente_fk FOREIGN KEY ( rutcli )
        REFERENCES cliente ( rutcli );

ALTER TABLE arriendo_camion
    ADD CONSTRAINT arriendovehiculo_tipopago_fk FOREIGN KEY ( idtipo )
        REFERENCES tipopago ( idtipo );

ALTER TABLE arriendo_camion
    ADD CONSTRAINT arriendovehiculo_vehiculo_fk FOREIGN KEY ( patente )
        REFERENCES camion ( patente );

ALTER TABLE cliente
    ADD CONSTRAINT cliente_comuna_fk FOREIGN KEY ( idcomuna )
        REFERENCES comuna ( idcomuna );

ALTER TABLE cliente
    ADD CONSTRAINT cliente_tipocliente_fk FOREIGN KEY ( idtipo )
        REFERENCES tipocliente ( idtipo );
ALTER TABLE cliente
    ADD CONSTRAINT cliente_ESTADO_CIVIL_FK FOREIGN KEY ( ID_ESTADO_CIVIL )
        REFERENCES ESTADO_CIVIL ( id_estado_civil )
    NOT DEFERRABLE;
ALTER TABLE COLABORADOR 
    ADD CONSTRAINT COLABORADOR_comuna_fk FOREIGN KEY ( idcomuna )
        REFERENCES comuna ( idcomuna );
ALTER TABLE colaborador
    ADD CONSTRAINT COLABORADOR_ESTADO_CIVIL_FK FOREIGN KEY ( ID_ESTADO_CIVIL )
        REFERENCES ESTADO_CIVIL ( id_estado_civil )
NOT DEFERRABLE;      

ALTER TABLE resumen_arriendo
    ADD CONSTRAINT resumen_arriendo_vehiculo_fk FOREIGN KEY ( patente )
        REFERENCES camion ( patente );

ALTER TABLE resumen_comision
    ADD CONSTRAINT resumen_comi_COLABOR_fk FOREIGN KEY ( rut_colab)
        REFERENCES COLABORADOR  ( rut_colab);

ALTER TABLE CAMION
    ADD CONSTRAINT vehiculo_COLABOR_fk FOREIGN KEY ( rut_colab)
        REFERENCES COLABORADOR  ( rut_colab);

ALTER TABLE CAMION
    ADD CONSTRAINT vehiculo_marca_fk FOREIGN KEY ( idmarca )
        REFERENCES marca ( idmarca );

ALTER TABLE CAMION
    ADD CONSTRAINT vehiculo_tipo_camion_fk FOREIGN KEY ( idtipo )
        REFERENCES tipo_camion  ( idtipo );

INSERT INTO  TIPO_SALUD VALUES('F','Fonasa', 7.2);
INSERT INTO  TIPO_SALUD VALUES('I','Isapre', 8.3);
INSERT INTO  TIPO_SALUD VALUES('FA','Fuerzas Armada', 4.5);
INSERT INTO  TIPO_SALUD VALUES('C','Carabineros y PDI', 5.3);
INSERT INTO  TIPO_SALUD VALUES('P','Particular', 11.3);


INSERT INTO comuna VALUES (80,'Las Condes');
INSERT INTO comuna VALUES (81,'Providencia');
INSERT INTO comuna VALUES (82,'Santiago');
INSERT INTO comuna VALUES (83,'Ñuñoa');
INSERT INTO comuna VALUES (84,'Vitacura');
INSERT INTO comuna VALUES (85,'La Reina');
INSERT INTO comuna VALUES (86,'La Florida');
INSERT INTO comuna VALUES (87,'Maipú');
INSERT INTO comuna VALUES (88,'Lo Barnechea');
INSERT INTO comuna VALUES (89,'Macul');
INSERT INTO comuna VALUES (90,'San Miguel');
INSERT INTO comuna VALUES (91,'Peñalolén');
INSERT INTO comuna VALUES (92,'Puente Alto');
INSERT INTO comuna VALUES (93,'Recoleta');
INSERT INTO comuna VALUES (94,'Estación Central');
INSERT INTO comuna VALUES (95,'San Bernardo');
INSERT INTO comuna VALUES (96,'Independencia');
INSERT INTO comuna VALUES (97,'La Cisterna');
INSERT INTO comuna VALUES (98,'Quilicura');
INSERT INTO comuna VALUES (99,'Quinta Normal');
INSERT INTO comuna VALUES (100,'Conchalí');
INSERT INTO comuna VALUES (101,'San Joaquín');
INSERT INTO comuna VALUES (102,'Huechuraba');
INSERT INTO comuna VALUES (103,'El Bosque');
INSERT INTO comuna VALUES (104,'Cerrillos');
INSERT INTO comuna VALUES (105,'Cerro Navia');
INSERT INTO comuna VALUES (106,'La Granja');
INSERT INTO comuna VALUES (107,'La Pintana');
INSERT INTO comuna VALUES (108,'Lo Espejo');
INSERT INTO comuna VALUES (109,'Lo Prado');
INSERT INTO comuna VALUES (110,'Pedro Aguirre Cerda');
INSERT INTO comuna VALUES (111,'Pudahuel');
INSERT INTO comuna VALUES (112,'Renca');
INSERT INTO comuna VALUES (113,'San Ramón');
INSERT INTO comuna VALUES (114,'Melipilla');
INSERT INTO comuna VALUES (115,'San Pedro');
INSERT INTO comuna VALUES (116,'Alhué');
INSERT INTO comuna VALUES (117,'María Pinto');
INSERT INTO comuna VALUES (118,'Curacaví');
INSERT INTO comuna VALUES (119,'Talagante');
INSERT INTO comuna VALUES (120,'El Monte');
INSERT INTO comuna VALUES (121,'Buin');
INSERT INTO comuna VALUES (122,'Paine');
INSERT INTO comuna VALUES (123,'Peñaflor');
INSERT INTO comuna VALUES (124,'Isla de Maipo');
INSERT INTO comuna VALUES (125,'Colina');
INSERT INTO comuna VALUES (126,'Pirque');

INSERT INTO tipo_camion  VALUES ('A','Tradicional 6 Toneladas');
INSERT INTO tipo_camion  VALUES ('B','Frigorífico');
INSERT INTO tipo_camion  VALUES ('C','Camión 3/4');
INSERT INTO tipo_camion  VALUES ('D','Trailer');
INSERT INTO tipo_camion  VALUES ('E','Tolva');

INSERT INTO tipopago VALUES ('A','Efectivo');
INSERT INTO tipopago VALUES ('B','Cheque');
INSERT INTO tipopago VALUES ('C','Tarjeta credito');
INSERT INTO tipopago VALUES ('D','Vale vista');
INSERT INTO tipopago VALUES ('E','Otro');

INSERT INTO tipocliente VALUES ('A','Socio');
INSERT INTO tipocliente VALUES ('B','VIP');
INSERT INTO tipocliente VALUES ('C','Nacional');
INSERT INTO tipocliente VALUES ('D','Extranjero');
INSERT INTO tipocliente VALUES ('E','Excluyente');

INSERT INTO ESTADO_CIVIL VALUES (10,'CASADO');
INSERT INTO ESTADO_CIVIL VALUES (20,'DIVORCIADO');
INSERT INTO ESTADO_CIVIL VALUES (30,'SOLTERO');
INSERT INTO ESTADO_CIVIL VALUES (40,'VIUDO');

INSERT INTO COLABORADOR  VALUES ('116499640','GALVEZ','CASTRO','MARTA','CLOVIS MONTERO 0260 
D/202','F','23417556','20121971','11081994',350000,1515239,80,'F',30);
INSERT INTO COLABORADOR  VALUES ('121133694','ROMERO','DIAZ','NANCY','TENIENTE RAMON JIMENEZ 
4753','F','25631567','09011968','31081989',420,2710153,81,'FA',40);
INSERT INTO COLABORADOR  VALUES ('124569051','CANALES','BASTIAS','JORGE','GENERAL CONCHA PEDREGAL 
#885','M','27779827','21121957','12081981',240,2945675,81,'FA',10);
INSERT INTO COLABORADOR  VALUES ('124665532','VIDAL','PEREZ','TERESA','FCO. DE CAMARGO 14515 
D/14','F','28583700',NULL,'13081994',450,1202614,82,'I',20);
INSERT INTO COLABORADOR  VALUES ('117452443','VENEGAS','SOTO','KARINA','ARICA 
3850','F','27790734','23121963','14081986',340,1439042,83,'I',30);
INSERT INTO COLABORADOR  VALUES ('119991004','CONTRERAS','CASTILLO','CLAUDIO','ISABEL RIQUELME 
6075','M','27764142','24121966','15081992',425,364163,84,'F',10);
INSERT INTO COLABORADOR  VALUES ('128888685','PAEZ','MACMILLAN','JOSE','FERNANDEZ CONCHA 
500','M','22399493','25121964','16081989',401,1896155,85,'F',20);
INSERT INTO COLABORADOR  VALUES ('128110946','MOLINA','GONZALEZ','PAULA','PJE.TIMBAL 1095 
V/POMAIRE','F','25313830','26121978','17082001',328,1757577,86,'I',40);
INSERT INTO COLABORADOR  VALUES ('142556027','MUÑOZ','ROJAS','CARLOTA','TERCEIRA 7426 
V/LIBERTAD','F','26490093','27121982','18082004',437,2658577,87,'F',30);
INSERT INTO COLABORADOR  VALUES ('116305728','ARAVENA','HERBAGE','GUSTAVO','FERNANDO DE ARAGON 
8420','M','25588481',NULL,'19081999',230,1957095,88,'F',20);
INSERT INTO COLABORADOR  VALUES ('116365349','ADASME','ZUÑIGA','LUIS','LITTLE ROCK 117 
V/PDTE.KENNEDY','M','26483081','29121973','20081994',210,1614934,89,'F',30);
INSERT INTO COLABORADOR  VALUES ('12272880K','LAPAZ','SEPULVEDA','MARCO','GUARDIA MARINA. RIQUELME 
561','M','26038967','30121989','21082012',290,1352596,92,'I',10);
INSERT INTO COLABORADOR  VALUES ('118469725','OGAZ','VARAS','MARCO','OVALLE Nº5798 V/ 
OHIGGINS','M','27763209','31121959','22081983',340,253590,94,'F',20);
INSERT INTO COLABORADOR  VALUES ('142830836','MONDACA','COLLAO','AUGUSTO','NUEVA COLON 
Nº1152','M','27357104','01011989','23082011',520,1144245,95,'F',40);
INSERT INTO COLABORADOR  VALUES ('145418377','ALVAREZ','RIVERA','MARCO','HONDURAS B/8908 D/102 
L.BRISAS','M','22875902','02011977','24081994',190,1541418,97,'FA',30);
INSERT INTO COLABORADOR  VALUES ('124820368','OLAVE','CASTILLO','ADRIAN','ELISA CORREA 
188','M','22888897','03011956','25081984',460,1068086,98,'F',10);
INSERT INTO COLABORADOR  VALUES ('124680819','SANCHEZ','GONZALEZ','PAOLA','AV.OSSA 01240 V/MI 
VIÑITA','F','25273328','04011987','26082010',385,1330355,99,'F',20);
INSERT INTO COLABORADOR  VALUES ('122608120','RIOS','ZUÑIGA','RAFAEL','LOS CASTAÑOS 1427 VILLA 
C.C.U.','M','26410462','05011991','27082011',448,367056,106,'F',40);
INSERT INTO COLABORADOR  VALUES ('128997591','CACERES','JIMENEZ','ERIKA','PJE.NAVARINO 15758 V/P.DE 
OÑA','F','28593881','06011974','28081992',330,2281415,107,'F',30);
INSERT INTO COLABORADOR  VALUES ('128685532','CHACON','AMAYA','PATRICIA','LO ERRAZURIZ 530 V/EL 
SENDERO','F','25577963','07011985','29082004',150,1723055,108,'F',10);
INSERT INTO COLABORADOR  VALUES ('126482003','NARVAEZ','MUÑOZ','LUIS','AMBRIOSO OHIGGINS  
2010','M','27742268','08011993','30082012',290,1966613,80,'I',20);
INSERT INTO COLABORADOR  VALUES ('116700425','GONGORA','DEVIA','VALESKA','PASAJE VENUS 
2765','F','23244270','10011975','01091996',456,1635086,82,'P',30);
INSERT INTO COLABORADOR  VALUES ('12642309K','NAVARRO','SANTIBAÑEZ','JUAN','SANTA ELENA 300 V/LOS 
ALAMOS','F','27441530','11011986','02092009',378,1659230,83,'F',10);

INSERT INTO cliente VALUES ('106395210','UVAL RIQUELME MIGUEL','SAN PABLO 7545 B/2 DPTO. 
12','26439756',300000,85,'A',40);
INSERT INTO cliente VALUES ('130748371','AMENGUAL SALDIAS CESAR','PJE.CODORNICES 1550 V/EL 
RODEO','22168405',400000,86,'B',30);
INSERT INTO cliente VALUES ('122518822','MORICE DONOSO CLAUDIO','CHACALLUTA 9519','22814948',200000,87,'A',10);
INSERT INTO cliente VALUES ('102388303','SOTO ARMAZAN JUAN','LOS MORELOS 803','25237022',200000,88,'B',40);
INSERT INTO cliente VALUES ('127770634','VILLENA CAVERO PABLO','NAVIDAD 1345 SEC.LA 
PALMILLA','26234565',600000,89,'A',20);
INSERT INTO cliente VALUES ('124675725','RIQUELME BRIGNARDELLO MIGUEL','AMERICO VESPUCIO 1505 
V/MEXICO','25381416',500000,92,'B',40);
INSERT INTO cliente VALUES ('128664876','STOLLER VARGAS LORENA','PASCUAL BABURIZZA 
655','22773144',250000,94,'A',30);
INSERT INTO cliente VALUES ('134631387','BRAVO HENRIQUEZ PABLO','FLACO MARIN #107 V/ C. 
NORTE','27766349',380000,95,'B',10);
INSERT INTO cliente VALUES ('116571328','ACUñA BARRERA RONNY','OBS.ASTRONOMICO UC 
PAR.METROP.','27370770',420000,97,'A',40);
INSERT INTO cliente VALUES ('124871479','MARIN ARAVENA JUAN','LAS PALMAS 134 
V/CALIFORNIA','27780321',560000,98,'B',30);
INSERT INTO cliente VALUES ('12817700K','VARGAS GARAY CLAUDIA','PJE.BELEN Nº8 
P/GERALDINE','2425678',400000,99,'A',10);
INSERT INTO cliente VALUES ('94990445','ROJAS ACHA CLAUDIO','DR LUIS BISQUERT 2924 DPTO. 
4','22380333',300000,106,'B',40);
INSERT INTO cliente VALUES ('119969406','ORELLANA SAAVEDRA JUAN','SANTA MARTA 9415 P/STA. 
TERESA','56434256',200000,107,'A',30);
INSERT INTO cliente VALUES ('145582217','PASTEN JORQUERA ALAN','BALMACEDA Nº15','28421196',180000,108,'C',10);
INSERT INTO cliente VALUES ('124591008','POBLETE FUENTES SERGIO','TINGUIRIRICA 3553 
V/FORESTA','27464857',340000,80,'A',20);
INSERT INTO cliente VALUES ('87160859','HORMAZABAL SAGREDO HUGO','DORSAL 5912 V/MANUEL 
RODRIGUEZ','27789260',260000,81,'B',30);
INSERT INTO cliente VALUES ('125031850','SILVA GONZALEZ PAUL','CALLE HOLANDA 073 
V/PORVENIR','28509240',300000,82,'A',10);
INSERT INTO cliente VALUES ('105869951','MUÑOZ FERNANDEZ JOSE','AV.LAS TORRES 152','26434104',1200000,83,'D',20);
INSERT INTO cliente VALUES ('119496702','CONTRERAS MIRANDA CLAUDIO','VISTA HERMOSA 2126 
P/H.ALTO','28310255',500000,84,'A',40);
INSERT INTO cliente VALUES ('97710463','ZAMORANO ELIZONDO LUIS','ALAMEDA 301','26332876',320000,85,'B',30);
INSERT INTO cliente VALUES ('120952724','ROJAS RODRIGUEZ DAMASO','URMENETA 1124 D.302','26210614',160000,86,'C',10);
INSERT INTO cliente VALUES ('146324105','VILLANUEVA YEPES MONICA','GASPAR DE LA BARRERA 
2815','26830779',240000,87,'B',20);
INSERT INTO cliente VALUES ('15353262K','BARRIOS HIDALGO LUIS','BALMACEDA 966','28213310',260000,88,'A',40);
INSERT INTO cliente VALUES ('46048660','AGUIRRE MUñOZ LUIS','VICHUQUEN 1462','26238494',300000,89,'A',30);
INSERT INTO cliente VALUES ('141489571','MARTIN DONOSO JUAN','PJE. LOS FLORENTINOS 
1804','25428017',400000,92,'B',10);
INSERT INTO cliente VALUES ('128314822','ORELLANA GARRIDO PATRICIO','LOS GUAITECAS 1751','28572849',200000,94,'A',40);
INSERT INTO cliente VALUES ('121862563','FUENTES MORENO MANUEL','HANOI 7474','26493855',200000,95,'B',30);
INSERT INTO cliente VALUES ('119762084','OPAZO AGUILERA MARIA','LOS TILOS 8924 P/LUIS 
BELTRAN','26442611',600000,97,'A',10);
INSERT INTO cliente VALUES ('129988535','TRINKE TRINKE CRISTIAN','MANCO CAPAC 1756','27461014',500000,98,'B',20);
INSERT INTO cliente VALUES ('129471656','HISI DIAZ ROSA','ICARO 3580 V/SANTA INES','27360251',250000,99,'A',40);
INSERT INTO cliente VALUES ('130435657','AGUILERA ROMAN WILLIBALDO','ANDES 4717','27748105',380000,106,'B',30);
INSERT INTO cliente VALUES ('130727438','ORELLANA SERQUEIRA JAIME','AV. 5 DE ABRIL 5693 A DPTO. 
42','27417338',420000,107,'A',10);
INSERT INTO cliente VALUES ('169606499','RIQUELME CHAVEZ ROCIO','BALMACEDA 1070','28598452',560000,108,'B',20);
INSERT INTO cliente VALUES ('12468646K','ALVAREZ MUÑOZ MANUEL','EDUARDO MATTE 2180','25557973',400000,80,'A',10);
INSERT INTO cliente VALUES ('126563755','SALDIAS ROJAS DAVID','LOS TURISTAS 0735 P/EL 
SALTO','26224280',300000,81,'B',20);
INSERT INTO cliente VALUES ('116354706','RAMIREZ GUTIERREZ JOEL','SIERRA BELLA 1687','25225838',200000,82,'A',40);
INSERT INTO cliente VALUES ('144158487','MACHUCA ADONIS MIGUEL','LOS JAZMINES 1537 DPTO. 41 
V.O','22383938',180000,83,'C',30);
INSERT INTO cliente VALUES ('122411688','RAMIREZ GUTIERREZ RODRIGO','GUIDO RENNI 4225','25225838',340000,84,'A',10);
INSERT INTO cliente VALUES ('97980449','MALTRAIN CORTES JUAN','ENZO PINZA 3330','25554298',260000,85,'B',40);
INSERT INTO cliente VALUES ('128323590','SALAS TORO CARLOS','PJE.LLEUQUE 0861 V/EL PERAL 
3','22959031',300000,86,'A',30);
INSERT INTO cliente VALUES ('123024261','ALVARADO ARAUNA ALEX','PJE.CHONCHI 6678 V/LOS 
TRONCOS','25230195',1200000,87,'D',10);
INSERT INTO cliente VALUES ('128599312','CESPEDES LANDEROS CRISTIAN','BAUTISTA IBARRAL 
277','27765868',500000,88,'A',20);
INSERT INTO cliente VALUES ('124675333','HERNANDEZ DIAZ JUAN','VARGAS SALCEDO 1541','25332923',320000,89,'B',40);
INSERT INTO cliente VALUES ('124708014','SANCHEZ RIVERA JACQUELINE','LUIS INFANTE CERDA 
5315','27412764',160000,92,'C',30);
INSERT INTO cliente VALUES ('130357465','LARA LECAROS DANIEL','FRANCISCO ESCALONA 3790','26210890',240000,94,'B',40);
INSERT INTO cliente VALUES ('12866998K','AVILA RETAMALES CRISTIAN','TURMALINA 1495 V/LA 
SALUD','25457317',260000,95,'A',30);
INSERT INTO cliente VALUES ('118729360','VIDAL OSSES LUIS','C.NUEVA IMPERIAL 1045 B/1 DEPTO. 
25','25293595',300000,97,'A',10);
INSERT INTO cliente VALUES ('145267361','VALENZUELA MONTOYA ROSA','GENARO PRIETO 910 P/EL 
TRANQUE','28503179',400000,98,'B',40);
INSERT INTO cliente VALUES ('99641012','MENESES RUBIO CARLOS','SANTA MARTA 0713','25293285',200000,99,'A',30);
INSERT INTO cliente VALUES ('124951203','RUIZ BRIONES CRISTIAN','PJE. FREIRINA 3630','23243232',200000,106,'B',10);
INSERT INTO cliente VALUES ('130507074','VALLE CASTRIZELO FREDY','PALERMO P/LA RAZON 
2023','27378107',600000,107,'A',20);
INSERT INTO cliente VALUES ('124152205','CASTRO TOBAR ALEJANDRA','RODR. DE ARAYA 4651B B/11 DEPTO. 
42','22763621',500000,108,'B',40);
INSERT INTO cliente VALUES ('124594006','PICHIHUINCA JORQUERA RAFAEL','INGENIERO GIROZ 
6035','27783484',250000,80,'A',30);
INSERT INTO cliente VALUES ('126494137','MANZANO QUINTANILLA JESSICA','PJE. LAMPA 1391 V/LOS 
MINERALE','26259699',380000,81,'B',10);
INSERT INTO cliente VALUES ('126104588','BARTLAU VARGAS MACARENA','MARIA VIAL 8028','25273848',420000,82,'A',20);
INSERT INTO cliente VALUES ('123640859','ARAYA CAMUS FREDDY','CARRERA 027','28461589.',560000,83,'B',40);
INSERT INTO cliente VALUES ('12460769K','DAZA GUERRERO ERIC','HERRERA 618','26813742',400000,84,'A',30);
INSERT INTO cliente VALUES ('130727965','MEDINA CAMUS WANDA','ICTINOS 1162 VILLA PEDRO 
LAGOS','22797176',300000,85,'B',10);
INSERT INTO cliente VALUES ('126496506','CUADRA DISSI DIEGO','PJE.OLGA DONOSO 4047 
P/E.GONEL','26251788',450000,86,'A',20);
INSERT INTO cliente VALUES ('130782147','CONCHA MONTECINOS KATHERINE','AV. GRECIA 5055 BL/2 DPTO. 
22','22724039',180000,87,'C',40);
INSERT INTO cliente VALUES ('121892328','DELGADO GALLEGOS XIMENA','LUXEMBURGO Nº9609','22202264',340000,88,'A',30);
INSERT INTO cliente VALUES ('85339019','QUEZADA VILLENA CRISTIAN','P. LOS INCAS 1734 V/OLIMPO 
II','25321876',260000,89,'B',10);
INSERT INTO cliente VALUES ('128719240','VENEGAS TORRES JESSICA','GARCIA REYES Nº55C','26817651',300000,92,'A',40);
INSERT INTO cliente VALUES ('130723681','JORQUERA VERA ALEX','SENDA 12 B/1157 DEPTO. A V/C.18 
NOR','22424598',1200000,94,'D',30);
INSERT INTO cliente VALUES ('112267322','CAVANELA ORTEGA JUAN','PJE BATUCO #9457 
V/OHIGGINS','22816328',500000,95,'A',10);
INSERT INTO cliente VALUES ('116955973','BASOALTO ARANGUIZ JUAN','SANTA FILOMENA DE 
NOS','28575175',320000,97,'B',20);
INSERT INTO cliente VALUES ('130828814','FUENTES FAUNDEZ FELIPE','GUAYACAN # 063 
V/FABERIO','28510780',160000,98,'C',40);
INSERT INTO cliente VALUES ('143193215','SALVO GUTIERREZ PATRICIA','PJE # 1 Nº675 
P/ANTUPILLAN','28587242',240000,99,'B',30);
INSERT INTO cliente VALUES ('10268208K','REYES MORALES LUIS','BUENOS AIRES #429','28586286',260000,106,'A',10);
INSERT INTO cliente VALUES ('130502580','SALAS CORNEJO CARLOS','VALLE DEL SOL 
Nº4028','87418813',300000,107,'A',20);
INSERT INTO cliente VALUES ('130575741','CORNEJO GONZALEZ ALEJANDRO','CIENCIAS #8442 
P/BIAUT','25586841',400000,108,'B',40);
INSERT INTO cliente VALUES ('132644432','SAN GARCIA MARTIN','ALAMEDA #4272 DPTO. 104','27783600',200000,80,'A',10);
INSERT INTO cliente VALUES ('128613543','CADIZ SANDOVAL FERNANDO','CALLE LUGO 4671 P.10 
PAJARITO','27445878',200000,81,'B',30);
INSERT INTO cliente VALUES ('129599894','JEREZ CHACON PAMELA','INES DE SUARES 220','209388532',600000,82,'A',40);
INSERT INTO cliente VALUES ('127211015','JORQUERA SANCHEZ LEONEL','ALMIRANTE RIVEROS 
#9653','25580425',500000,83,'B',30);
INSERT INTO cliente VALUES ('107110696','CISTERNAS SAAVEDRA VICTOR','LAGO GRIS 4673 V/EL 
ALBA','26983708',250000,84,'A',10);
INSERT INTO cliente VALUES ('128719797','RODRIGUEZ LEMUS PAOLA','JOAQUIN EDWARDS BELLO 
#10529','25410073',380000,85,'B',20);
INSERT INTO cliente VALUES ('103208408','DURAN REBOLLEDO JAIME','AV.3 PONIENTE 1548 
V/VIENA','25327648',420000,86,'A',40);
INSERT INTO cliente VALUES ('130343529','MUñOZ ASCORRA CLAUDIA','LOS ÑANDUES #509 
V/PAJARITOS','22570673',560000,87,'B',30);
INSERT INTO cliente VALUES ('10539484K','OSORIO MELLA JUAN','LO SALINAS 1695','28213010',400000,88,'A',10);
INSERT INTO cliente VALUES ('120000355','ROJAS ROJAS MARIO','AV.I.CARRERA PINTO 
1041','29988654',300000,89,'B',20);
INSERT INTO cliente VALUES ('71087246','QUILODRAN GARCIA MARIA','PJE.VARSOVIA 1439 V/ESQUINA 
B.','25382800',200000,92,'A',40);
INSERT INTO cliente VALUES ('130839367','QUINTANA MARDONES RUTH','PASAJE LA RAIZ 
Nº10591','22876325',180000,94,'C',30);
INSERT INTO cliente VALUES ('121582688','ERICES MOLINA ELIGIO','PJE.COLORADO 5528 DEPTO. 
302','25230176',340000,95,'A',10);
INSERT INTO cliente VALUES ('129460009','CASTILLO VALENCIA PAULA','LAS AMAPOLAS 1931 P/PEDRO 
MONT','26833380',260000,97,'B',40);
INSERT INTO cliente VALUES ('130859980','SUAZO RIQUELME OSCAR','PJE.PAULINA 1678 
V/BLANCA','25111798',300000,98,'A',30);
INSERT INTO cliente VALUES ('130320901','GONZALEZ JOFRE JUAN','PJE.LOS TILOS 8926 
P/L.BELTRAN','26446917',1200000,99,'D',10);
INSERT INTO cliente VALUES ('102935522','FRITIS CHAMBLAS JOSE','PEDRO AGUIRRE CERDA 
5962','26252858',500000,106,'A',20);
INSERT INTO cliente VALUES ('129600063','MARILLANCA CARVAJAL ANTONIO','SITIO 37B PINTUE LAGUNA 
ACULEO','28249080',320000,107,'B',40);
INSERT INTO cliente VALUES ('107768454','NAVARRO VELASQUEZ HECTOR','PJE. CAPRI 909 B/5 DEPTO. 
103','25577804',160000,108,'C',30);
INSERT INTO cliente VALUES ('124075755','GONZALEZ LILLO MARCELA','RODRIGO DE ARAYA 4871 DEPTO. 
14','22762321',240000,80,'B',10);
INSERT INTO cliente VALUES ('14319236K','ARRIARAN ROJAS OSCAR','12 DE FEBRERO 850','28580076',260000,81,'A',20);
INSERT INTO cliente VALUES ('113395570','BUSTOS MARTINEZ IVONNE','ALDUNATE 1932','25540604',560000,82,'B',40);
INSERT INTO cliente VALUES ('117493791','MORALES ZAMORANO FABIOLA','EL QUETZAL 675','66431810',400000,83,'A',30);
INSERT INTO cliente VALUES ('122709892','RAMIREZ CARDENAS MAURICIO','CALLE LOS NOGALES 
9583','25271068',300000,84,'B',10);
INSERT INTO cliente VALUES ('142545263','MARTINEZ RODRIGUEZ ERIC','PJE.LAGO RAPEL 1297 
V/SENDERO','22919311',200000,85,'A',20);
INSERT INTO cliente VALUES ('128200184','ACEVEDO SANDOVAL ALEXANDER','LAS CODORNICES 2963-H DPTO. 
21','22836901',180000,86,'C',40);
INSERT INTO cliente VALUES ('124687365','GONZALEZ MUÑOZ OSVALDO','MARIA LUISA BOMBAL 
384','27414835',340000,87,'A',30);
INSERT INTO cliente VALUES ('130887426','CID PADILLA CAROLINA','AV.FRATERNAL 3910','25225759',260000,88,'B',10);
INSERT INTO cliente VALUES ('134554137','JIMENEZ PINILLA CRISTIAN','RICARDO CUMMING 1346 CASA 
13','86966329',300000,89,'A',20);
INSERT INTO cliente VALUES ('126850358','PEREZ PINTO NELSON','EL CARMEN 10364 
V/STA.MARIA','22825520',1200000,92,'D',40);
INSERT INTO cliente VALUES ('115147379','MORENO GONZALEZ CLAUDIA','GRACIOSA 7815 CERRO 
NAVIA','26491988',500000,94,'A',30);
INSERT INTO cliente VALUES ('13072851K','SUAREZ GONZALEZ KARINA','PAUL HARRIS 901','22012371',320000,95,'B',10);
INSERT INTO cliente VALUES ('115409085','BARRERA RIOS LUISA','PASAJE 36 Nº4789 
V/EYZAGUIRRE','22097186',160000,97,'C',20);
INSERT INTO cliente VALUES ('132697516','VALLE DIAZ ALEXIS','CUATRO REMOS 580 V/ANT. 
VARAS','27782342',240000,98,'B',40);
INSERT INTO cliente VALUES ('126844597','CARVAJAL REYES PABLO','VICTORIA 615','25558281',260000,99,'A',10);
INSERT INTO cliente VALUES ('99693668','FUENTES CORTES LUIS','IGNACIO CARRERA PINTO 
6013','26232094',600000,106,'A',20);
INSERT INTO cliente VALUES ('109171999','ACUÑA OLIVARES ELIZABETH','CERRO HUEMUL 1052','57736141',500000,107,'B',40);
INSERT INTO cliente VALUES ('130989620','SANTA DIAZ MARIA','AV.KENNEDY B/16 DEPTO. 31 
P/MANSO','2253899',250000,108,'A',30);
INSERT INTO cliente VALUES ('126727291','BARRAZA LOBOS EDUARDO','TRICAO 460 P/ EUGENIPO 
MATTE','28512060',380000,80,'B',10);
INSERT INTO cliente VALUES ('130417112','ITURRIETA GONZALEZ PABLO','AV. TRANSITO 
5291','27753384',420000,81,'A',20);

INSERT INTO marca VALUES (10,'Toyota');
INSERT INTO marca VALUES (20,'WMW');
INSERT INTO marca VALUES (30,'Mercedes Benz');
INSERT INTO marca VALUES (40,'Citroen');
INSERT INTO marca VALUES (50,'Nissan');
INSERT INTO marca VALUES (60,'Ford');
INSERT INTO marca VALUES (70,'DFM');
INSERT INTO marca VALUES (80,'Kia');
INSERT INTO marca VALUES (90,'Lada');

INSERT INTO camion VALUES ('AA1001','Rojo','2.6',2016,23000,350000,'A',117452443,10);
INSERT INTO camion VALUES ('BC1002','Azul','3.4',2011,24000,400000,'B','121133694',10);
INSERT INTO camion VALUES ('VV1003','Verde','2.7',2014,35000,700000,'A','124569051',20);
INSERT INTO camion VALUES ('FFDD23','Blanco','2.3',2017,60000,500000,'B','117452443',30);
INSERT INTO camion VALUES ('ASEW11','Pardo','2.1',NULL,14500,300000,'C',117452443,40);
INSERT INTO camion VALUES ('AZ1001','Negro','2.6',2016,23000,350000,'A','128888685',40);
INSERT INTO camion VALUES ('EC1002','Azul','3.4',2011,24000,400000,'B','121133694',50);
INSERT INTO camion VALUES ('AXDD23','Blanco','2.3',2017,60000,500000,'B','117452443',60);
INSERT INTO camion VALUES ('AS4411','Pardo','2.1',NULL,14500,300000,'C','128110946',70);
INSERT INTO camion VALUES ('FG1001','Rojo','2.6',2016,23000,350000,'A',117452443,80);
INSERT INTO camion VALUES ('BE1002','Azul','3.4',2011,24000,400000,'B','121133694',90);
INSERT INTO camion VALUES ('VY1003','Verde','2.7',2014,35000,700000,'A','116305728',40);
INSERT INTO camion VALUES ('FDDD23','Blanco','2.3',2017,60000,500000,'B','117452443',20);
INSERT INTO camion VALUES ('ASEE11','Pardo','2.1',NULL,14500,300000,'C',117452443,40);
INSERT INTO camion VALUES ('FR1001','Rojo','2.6',2016,23000,350000,'A',117452443,60);
INSERT INTO camion VALUES ('WE1002','Azul','3.4',2011,24000,400000,'B','121133694',80);
INSERT INTO camion VALUES ('TY1003','Verde','2.7',2014,35000,700000,'A','124569051',90);
INSERT INTO camion VALUES ('FXDD23','Blanco','2.3',2017,60000,500000,'B','116499640',20);
INSERT INTO camion VALUES ('ASEZ11','Pardo','2.1',NULL,14500,300000,'C','116305728',10);
INSERT INTO camion VALUES ('GG1001','Rojo','2.6',2016,23000,350000,'A',117452443,10);
INSERT INTO camion VALUES ('BT1002','Azul','3.4',2011,24000,400000,'B','121133694',20);
INSERT INTO camion VALUES ('VR1003','Verde','2.7',2014,35000,700000,'A','12272880K',30);
INSERT INTO camion VALUES ('AQDD04','Platino','3.1',2017,37500,450000,'A','124665532',50);
INSERT INTO camion VALUES ('OPDD23','Blanco','2.3',2017,60000,500000,'B','117452443',60);
INSERT INTO camion VALUES ('AHEW11','Pardo','2.1',NULL,14500,300000,'C','128888685',80);

INSERT INTO arriendo_camion VALUES (001,'AA1001','106395210',to_date('03032018','DDMMYYYY'),1,'07032018','A');
INSERT INTO arriendo_camion VALUES (002,'AA1001','116571328',to_date('05032018','DDMMYYYY'),5,'10032018','A');
INSERT INTO arriendo_camion VALUES (003,'AA1001','116571328',to_date('13032018','DDMMYYYY'),8,'23032018','B');
INSERT INTO arriendo_camion VALUES (004,'BT1002','106395210',to_date('23032018','DDMMYYYY'),7,'30042018','A');
INSERT INTO arriendo_camion VALUES (005,'BC1002','102388303',to_date('25032018','DDMMYYYY'),11,'05042018','A');
INSERT INTO arriendo_camion VALUES (006,'BE1002','127770634',to_date('03042018','DDMMYYYY'),1,'04042018','A');
INSERT INTO arriendo_camion VALUES (007,'TY1003','124675725',to_date('08042018','DDMMYYYY'),3,'18042018','C');
INSERT INTO arriendo_camion VALUES (008,'AHEW11','128664876',to_date('13042018','DDMMYYYY'),4,'17042018','A');
INSERT INTO arriendo_camion VALUES (009,'TY1003','116571328',to_date('24042018','DDMMYYYY'),9,'14052018','C');
INSERT INTO arriendo_camion VALUES (010,'BC1002','124871479',to_date('18052018','DDMMYYYY'),2,'20052018','A');
INSERT INTO arriendo_camion VALUES (011,'TY1003','124871479',to_date('03052018','DDMMYYYY'),8,'13052018','A');
INSERT INTO arriendo_camion VALUES (012,'BE1002','12817700K',to_date('11052018','DDMMYYYY'),11,'22052018','A');
INSERT INTO arriendo_camion VALUES (013,'FG1001','94990445',to_date('17062018','DDMMYYYY'),1,'18062018','B');
INSERT INTO arriendo_camion VALUES (014,'WE1002','119969406',to_date('07062018','DDMMYYYY'),2,'09062018','A');
INSERT INTO arriendo_camion VALUES (015,'VR1003','145582217',to_date('13062018','DDMMYYYY'),3,'16062018','A');
INSERT INTO arriendo_camion VALUES (016,'VR1003','124591008',to_date('03062018','DDMMYYYY'),4,'07062018','A');
INSERT INTO arriendo_camion VALUES (017,'WE1002','87160859',to_date('08062018','DDMMYYYY'),5,'13062018','A');
INSERT INTO arriendo_camion VALUES (018,'AHEW11','125031850',to_date('03072018','DDMMYYYY'),6,'09072018','C');
INSERT INTO arriendo_camion VALUES (019,'FG1001','125031850',to_date('03072018','DDMMYYYY'),7,'10072018','A');
INSERT INTO arriendo_camion VALUES (020,'BE1002','105869951',to_date('03072018','DDMMYYYY'),8,'11072018','A');
INSERT INTO arriendo_camion VALUES (021,'WE1002','119496702',to_date('03072018','DDMMYYYY'),9,'13072018','A');
INSERT INTO arriendo_camion VALUES (022,'TY1003','97710463',to_date('03082018','DDMMYYYY'),3,'13082018','B');
INSERT INTO arriendo_camion VALUES (023,'TY1003','120952724',to_date('03082018','DDMMYYYY'),5,'08082018','A');
INSERT INTO arriendo_camion VALUES (024,'AHEW11','146324105',to_date('13082018','DDMMYYYY'),7,'20082018','A');
INSERT INTO arriendo_camion VALUES (025,'WE1002','15353262K',to_date('03092018','DDMMYYYY'),8,'11092018','A');
INSERT INTO arriendo_camion VALUES (026,'WE1002','129988535',to_date('13092018','DDMMYYYY'),11,'24092018','C');
INSERT INTO arriendo_camion VALUES (037,'FG1001','128314822',to_date('03092018','DDMMYYYY'),13,'16092018','A');
INSERT INTO arriendo_camion VALUES (038,'TY1003','121862563',to_date('03092018','DDMMYYYY'),11,'14092018','D');
INSERT INTO arriendo_camion VALUES (039,'VR1003','119762084',to_date('03092018','DDMMYYYY'),1,'04092018','A');
INSERT INTO arriendo_camion VALUES (040,'ASEZ11','129988535',to_date('03092018','DDMMYYYY'),2,'08092018','A');
INSERT INTO arriendo_camion VALUES (041,'AZ1001','129471656',to_date('03092018','DDMMYYYY'),2,'08092018','A');
INSERT INTO arriendo_camion VALUES (042,'TY1003','130435657',to_date('03092018','DDMMYYYY'),3,'06092018','B');
INSERT INTO arriendo_camion VALUES (043,'TY1003','130727438',to_date('11092018','DDMMYYYY'),3,'14092018','A');
INSERT INTO arriendo_camion VALUES (044,'VR1003','12468646K',to_date('03092018','DDMMYYYY'),3,'06092018','B');
INSERT INTO arriendo_camion VALUES (045,'BE1002','126563755',to_date('03092018','DDMMYYYY'),5,'09092018','A');
INSERT INTO arriendo_camion VALUES (046,'AZ1001','116354706',to_date('03092018','DDMMYYYY'),5,'08092018','A');
INSERT INTO arriendo_camion VALUES (047,'TY1003','144158487',to_date('03032018','DDMMYYYY'),6,'09032018','A');
INSERT INTO arriendo_camion VALUES (048,'ASEZ11','122411688',to_date('03032018','DDMMYYYY'),6,'09032018','A');
INSERT INTO arriendo_camion VALUES (049,'AHEW11','97980449',to_date('03032018','DDMMYYYY'),6,'19032018','C');
INSERT INTO arriendo_camion VALUES (050,'BE1002','128323590',to_date('03032018','DDMMYYYY'),7,'10032018','A');
INSERT INTO arriendo_camion VALUES (051,'TY1003','123024261',to_date('03032018','DDMMYYYY'),7,'13032018','A');
INSERT INTO arriendo_camion VALUES (052,'TY1003','124675333',to_date('03032018','DDMMYYYY'),7,'23032018','A');
INSERT INTO arriendo_camion VALUES (053,'ASEZ11','124708014',to_date('03032018','DDMMYYYY'),8,'23032018','B');
INSERT INTO arriendo_camion VALUES (054,'AQDD04','130357465',to_date('03032018','DDMMYYYY'),4,'07032018','A');
INSERT INTO arriendo_camion VALUES (055,'AHEW11','130357465',to_date('03032018','DDMMYYYY'),3,'09032018','A');
INSERT INTO arriendo_camion VALUES (056,'TY1003','12866998K',to_date('03032018','DDMMYYYY'),2,'05032018','A');
INSERT INTO arriendo_camion VALUES (057,'VR1003','118729360',to_date('03032018','DDMMYYYY'),1,'04032018','A');
INSERT INTO arriendo_camion VALUES (058,'AZ1001','145267361',to_date('03032018','DDMMYYYY'),6,'10032018','A');
INSERT INTO arriendo_camion VALUES (060,'AZ1001','99641012',to_date('03032018','DDMMYYYY'),5,'08032018','C');
INSERT INTO arriendo_camion VALUES (062,'VR1003','130727965',to_date('03032018','DDMMYYYY'),4,'07032018','A');
INSERT INTO arriendo_camion VALUES (066,'AQDD04','130727965',to_date('03032018','DDMMYYYY'),3,'06032018','A');
INSERT INTO arriendo_camion VALUES (067,'AQDD04','130727965',to_date('03032018','DDMMYYYY'),2,'05032018','A');
INSERT INTO arriendo_camion VALUES (68,'AZ1001','126496506',to_date('03032018','DDMMYYYY'),1,'04032018','A');
INSERT INTO arriendo_camion VALUES (69,'AQDD04','130782147',to_date('03032018','DDMMYYYY'),1,'04032018','D');
INSERT INTO arriendo_camion VALUES (75,'VR1003','121892328',to_date('03032018','DDMMYYYY'),1,'04032018','D');
INSERT INTO arriendo_camion VALUES (82,'AHEW11','85339019',to_date('03032018','DDMMYYYY'),1,'04032018','E');

INSERT INTO Comision VALUES (1,1,3,3);
INSERT INTO Comision VALUES (2,4,7,7);
INSERT INTO Comision VALUES (3,8,11,11);
INSERT INTO Comision VALUES (4,12,17,15);
INSERT INTO Comision VALUES (5,18,90,18);

INSERT INTO Descuento VALUES (1,0,5,0);
INSERT INTO Descuento VALUES (2,6,10,5000);
INSERT INTO Descuento VALUES (3,11,15,10000);
INSERT INTO Descuento VALUES (4,16,20,15000);
INSERT INTO Descuento VALUES (5,21,50,25000);

INSERT INTO Monto_multas VALUES (1,1,5,30000);
INSERT INTO Monto_multas VALUES (2,6,10,40000);
INSERT INTO Monto_multas VALUES (3,11,15,50000);
INSERT INTO Monto_multas VALUES (4,16,20,60000);
INSERT INTO Monto_multas VALUES (5,21,50,100000);

commit;

